の	32410035
に	20630331
する	19290105
は	18661738
た	16858238
を	16781995
が	13699295
と	10040716
て	10018548
で	9045337
だ	7869758
れる	7585641
ある	6152767
いる	6102581
年	4708599
も	3730203
から	3262455
なる	3064639
こと	2601476
ない	2212516
として	2112848
や	1868184
年月日	1814997
など	1539545
この	1398213
られる	1311836
ため	1250332
年月	1084951
という	1020851
第	1003764
その	985594
へ	983943
まで	953188
よう	929602
また	890719
的	867269
行う	866184
後	814719
もの	797380
人	686426
おる	652813
日本	635700
できる	620079
より	584114
により	576994
によって	570252
中	569491
これ	567232
による	565010
月日	556512
現在	484545
ぬ	484463
せる	476863
か	471859
者	465749
同	456779
時	437868
において	408048
について	399135
回	388456
場合	383848
その後	381843
目	368986
間	364855
呼ぶ	360050
ば	354198
しかし	347672
作品	345362
使用	342012
持つ	340581
名	339605
受ける	332186
それ	324584
他	324158
昭和	321264
位	318924
上	314340
数	306699
当時	304532
化	302656
多く	300058
存在	296111
放送	290639
概要	285823
多い	283055
日	279384
月	277573
号	277050
彼	269377
本	267345
以下	264916
前	261361
約	261071
年年	259656
等	259551
内	258939
う	254976
出端	249606
における	248900
元	247293
発表	246883
のみ	243937
活動	243363
歳	243190
なお	236645
年代	236422
見る	235143
ら	234355
発売	233503
くる	232995
知る	232166
形	231209
時代	230522
以降	228708
主	224337
さらに	223950
万	221701
出身	221367
使う	221254
一部	218919
家	218522
用いる	218220
際	217379
一	216122
務める	215563
戦	215515
線	212502
記録	210457
部	209838
にて	207466
含む	207431
開催	206223
初	205576
開始	203440
地域	203051
参加	201854
開発	201580
試合	198957
以上	198512
出場	197066
つ	196820
いく	196533
型	196408
考える	193804
用	192659
だけ	192478
所属	191679
駅	189793
研究	189312
世	188381
言う	187785
入る	187718
利用	186421
たち	184823
チーム	184298
軍	183960
たり	183421
同じ	182726
系	182588
中心	179273
登場	179097
番組	178732
可能	178580
歴史	177930
アメリカ	177335
必要	177140
に対して	176949
しまう	176384
郡	174992
側	172350
設置	171644
事	171194
シーズン	170669
機	170552
世紀	169582
出演	169143
さ	168471
位置	166544
明治	166507
関係	165333
性	164214
ほか	164189
影響	164029
下	163990
各	163742
人物	162971
世界	162728
映画	161968
とともに	161611
得る	161401
これら	161198
および	160428
時間	159689
大学	159229
最初	158487
期	158310
結果	158140
そして	157982
一方	157808
監督	157003
変更	156537
版	156528
獲得	155976
大	155973
設立	155734
点	155174
問題	153654
うち	153506
担当	153025
式	152497
特に	151566
年間	150646
ながら	150370
与える	150207
異なる	150185
大きい	149918
よる	148579
とき	148270
平成	148248
大会	148137
全	148125
当初	147694
高い	145954
シリーズ	145631
代表	144978
同様	143957
選手	143647
自身	142465
優勝	142432
二	142022
度	141886
続く	141854
及び	141561
通り	141241
作る	140117
曲	140096
または	139916
それぞれ	139765
いう	139764
分	139417
現	139331
次	139295
示す	138594
ので	138540
計画	138287
以外	138085
イギリス	137498
就任	136780
描く	136495
建設	135560
構成	134654
と共に	134540
ものの	134244
円	134080
旧	134019
地	133510
意味	133243
代	133219
続ける	132693
両	131879
社	131871
一般	131253
発生	131063
お呼び	130887
人口	129947
一つ	129706
置く	128448
フランス	128382
最も	127459
頃	127156
伴う	126959
かつて	126430
国	126028
に関する	125358
に対する	125246
父	124485
でも	124344
にかけて	124258
制作	123380
〜	122524
採用	122302
女性	122215
場所	122155
ほど	121893
車	121893
果たす	121819
卒業	121647
自分	120281
経る	119884
生まれる	119185
地区	118916
話	118063
始める	117434
番	117325
村	116930
攻撃	116775
受賞	115977
実施	115859
東京	115739
とも	115625
事業	115612
中国	115405
収録	115081
最後	115011
初めて	115011
公開	114885
経歴	114662
状態	114292
といった	113548
年度	113529
ただし	113502
種	113474
販売	113416
枚	113364
特徴	113283
強い	112909
アルバム	112867
大きな	111937
全て	111733
書く	111623
ドイツ	111356
町	111158
例	111000
路線	110750
機能	109836
加える	109721
新	109560
決定	109219
評価	107922
挙げる	107822
終了	107719
三	107676
目的	107086
部分	107029
アメリカ合衆国	106888
その他	106318
述べる	106273
出る	105898
製造	105395
発見	105121
車両	105047
メンバー	104606
結ぶ	103882
法	103875
対応	103721
本作	103637
名称	103634
ほとんど	103330
認める	102799
会	102536
ところ	102056
たい	101771
べし	101741
活躍	101398
構造	101243
リリース	100898
事件	100773
内容	100476
出す	99921
以前	99765
名前	98970
市	98808
王	98560
都市	97847
成功	97467
時点	97418
面	96752
学校	96539
組織	96446
別	96395
思う	96294
ます	95985
施設	95862
作	95683
力	95551
実際	95490
設定	95308
同年	94876
編成	94502
至る	94399
様々	94210
時期	94163
製作	93828
所	93687
搭載	93570
システム	93452
音楽	93254
シングル	93244
死去	93177
モデル	92984
導入	92822
設計	92562
翌年	92389
再び	92176
彼女	92131
手	92125
契約	92028
由来	91900
始まる	91877
新た	91783
ゲーム	91196
勝利	91145
技術	91081
グループ	91053
残す	91045
終わる	90960
すべて	90818
デビュー	90508
に対し	90361
ん	90331
理由	90026
子	89649
方	89371
教授	89288
運行	89243
情報	88759
廃止	88408
選ぶ	87998
通常	87998
行く	87943
役	87565
部隊	87206
初期	86963
長	86940
再	86852
会社	86707
台	86285
最大	86029
運営	85860
調査	85792
指定	85395
重要	85229
予定	85139
求める	84815
科	84521
向かう	84473
体	83906
提供	83753
彼ら	83403
主張	83387
生産	83369
以来	82795
教育	82771
のち	82639
あるいは	82586
展開	82481
島	82350
移籍	82228
方法	81970
南	81888
関連	81708
状況	81532
連続	81532
来歴	81154
物	81107
基づく	80865
新しい	80769
周辺	80671
鉄道	80604
参照	80311
賞	80262
同時に	80138
北	80135
分類	80128
進む	80108
ここ	79736
県	79633
結婚	79450
語る	79145
いずれ	78746
少ない	78472
戻る	78354
独立	78295
タイトル	78285
結成	78195
企業	78173
もつ	78098
人間	77931
級	77881
成年	77712
何	77612
多数	77447
無い	77375
政府	77365
億	77261
残る	77220
州	77130
自ら	76563
局	76530
取る	76339
対象	76307
可能性	76134
除く	76079
管理	76074
形成	75992
高校	75822
しか	75446
完成	75202
ほぼ	75181
表記	74957
そのため	74735
変化	74643
選出	74335
地方	74158
生活	74007
向け	73848
年平	73809
文化	73701
全体	73539
クラブ	73111
東	73089
説	73078
非常	72979
場	72774
大正	72643
艦	72164
生まれ	72055
m	71918
お	71875
程度	71788
形式	71704
成績	71359
妻	71250
エンジン	71154
出版	71097
十	71086
国内	71037
人々	70683
完全	70414
みる	70287
種類	70270
キャラクター	70204
対	69876
舞台	69838
株式会社	69681
隊	69614
広い	69470
高	69404
列車	69361
企画	69294
支援	69108
当	68874
迎える	68800
整備	68777
西	68754
まま	68533
運用	68369
個	68265
演奏	68240
掲載	68087
学ぶ	68083
全国	67976
色	67935
移動	67858
製	67825
人気	67644
発展	67642
確認	67543
含める	67540
戦闘	67524
表現	67456
先	67374
成立	67274
デザイン	67134
小学校	67004
批判	66977
部門	66883
そこ	66863
以後	66740
出来る	66702
送る	66685
川	66467
発行	66442
英語	66335
ヨーロッパ	66168
姿	65983
水	65965
ぶり	65946
前年	65706
区間	65586
楽曲	65453
複数	65330
設ける	65318
付近	65175
国際	65169
経験	65118
撮影	64910
テレビ	64680
店	64647
開く	64373
ロシア	64366
サービス	64260
主要	64182
息子	64147
一人	64119
ホーム	63988
類	63787
敗れる	63636
長い	63552
階	63325
対戦	63306
母	63207
紹介	63039
区	62998
近く	62960
戦い	62831
派	62772
バンド	62708
指揮	62617
船	62443
道	62256
よく	62208
言葉	62183
後半	61950
失う	61864
工場	61757
群	61723
にとって	61617
合わせる	61502
とる	61481
追加	61456
運転	61418
年頃	61293
初代	61271
イベント	61085
取得	61084
伝える	60957
イタリア	60946
達	60925
起こる	60812
外	60674
記述	60647
決める	60527
組	60396
入れる	60380
基	60343
率いる	60255
報告	60158
復帰	60132
合併	60069
制度	60048
進める	60031
拡大	59968
開業	59880
例えば	59676
団体	59374
戦争	59306
レース	59261
過去	59081
生	59055
娘。	59036
室	59012
記す	58983
馬	58917
個人	58888
中央	58854
経営	58852
です	58721
ドル	58685
行動	58601
四	58594
有名	58574
記念	58541
方式	58502
増加	58490
はじめ	58485
平均	58338
近い	58074
道路	58063
城	58014
データ	57976
来る	57931
方面	57773
神	57762
運動	57707
能力	57417
教会	57400
引退	57257
登録	57092
良い	57017
家族	56954
つける	56908
目指す	56890
男性	56877
製品	56825
もと	56781
金	56776
定義	56751
作曲	56691
仕事	56669
反対	56634
量	56626
表す	56625
メートル	56518
環境	56506
山	56502
指す	56494
支配	56485
子供	56312
支持	56223
明らか	56207
今	56188
条件	56165
離れる	56049
いくつか	55970
唯一	55933
立つ	55780
語	55722
指導	55694
に関して	55292
基本	55101
万人	55073
地元	55069
相手	55030
氏	55016
配信	54988
装備	54963
説明	54941
起こす	54925
生涯	54903
協会	54804
指摘	54714
輸送	54465
作戦	54429
敵	54422
枠	54395
表示	54355
状	54266
つつ	54213
定める	54069
→	54005
ごと	53967
従来	53727
進出	53700
記載	53614
連載	53598
渡る	53582
集める	53506
分野	53415
戦後	53273
男	53270
加入	53225
かける	53182
条	53181
得点	53160
走る	53132
なす	53098
最終	53066
社会	53045
センター	52979
協力	52961
末	52866
受け手	52806
正式	52721
会長	52548
リーグ	52503
超える	52394
経済	52377
俳優	52347
国家	52317
つく	52219
効果	52163
期間	52145
建物	52113
共同	52110
変わる	51941
委員会	51872
特別	51817
頭	51807
配置	51798
地理	51700
声	51570
見せる	51441
石	51398
扱う	51347
夏	51340
巻	51321
交通	51217
南部	51144
貢献	51024
形態	51004
原因	50853
隣接	50839
江戸時代	50707
演じる	50677
The The	50642
試験	50618
途中	50606
付ける	50463
属	50457
土地	50420
規定	50382
海軍	50201
最高	50147
装置	50112
書	49966
店舗	49947
近年	49895
系統	49827
the	49783
やすい	49745
主人公	49685
同社	49646
為	49561
字	49545
隻	49337
第二次世界大戦	49328
拠点	49220
低い	49196
付	49115
称す	49104
住む	49030
バス	49029
それら	49002
作成	48958
ひとつ	48929
実現	48914
訪れる	48840
そのまま	48777
統合	48749
直接	48657
兵	48653
向ける	48647
総	48641
km	48614
物語	48559
大阪	48526
達成	48522
一覧	48520
非	48390
星	48337
公式	48326
略歴	48311
収める	48280
工事	48188
卒業後	48166
機関	48107
弟	47966
権	47947
橋	47945
関わる	47880
女子	47817
中学校	47707
現代	47696
派遣	47622
大統領	47587
独自	47527
創設	47410
社長	47317
族	47265
誕生	47156
役割	47057
小説	47024
公演	47018
北部	47003
学生	46953
入り	46886
国道	46871
不明	46867
韓国	46823
本社	46810
大型	46709
校	46704
公	46702
言語	46463
生じる	46423
解説	46336
専門	46310
私	46285
購入	46272
昇格	46152
参戦	46114
着	45988
勝敗	45982
雑誌	45970
現れる	45934
比べる	45881
特定	45708
要素	45659
き	45556
入学	45529
死	45518
音	45441
品	45439
映像	45407
兄	45360
米国	45308
備える	45133
流れる	45101
移転	45070
方向	45042
スペイン	45001
そう	44994
直後	44776
すぐ	44748
同軸	44724
似る	44718
刊行	44677
制	44657
作家	44657
かつ	44602
ストーリー	44563
員	44407
決勝	44319
上げる	44254
値	44238
死亡	44093
住民	44082
飛行	44044
各地	43954
会議	43929
クラス	43871
記事	43801
失敗	43757
詳細	43744
提案	43743
地球	43614
見える	43599
営業	43539
専用	43444
選択	43375
原作	43248
差	43235
図る	43207
病院	43160
減少	43145
選挙	43132
小	43128
博士	43109
相当	43046
接続	43036
政治	43018
破壊	42958
館	42899
パリ	42858
破る	42757
写真	42666
プレー	42653
要求	42651
項	42601
スポーツ	42534
自由	42522
ベース	42507
歌	42504
背景	42494
アニメ	42447
距離	42349
五	42342
どう	42295
委員	42247
働く	41963
かかる	41958
自体	41955
行なう	41898
率	41896
維持	41893
心	41890
地名	41887
逆	41870
聞く	41863
街	41734
わ	41670
歌う	41614
到着	41567
CD	41527
陸軍	41462
文字	41387
主演	41387
そこで	41322
議員	41283
勝	41279
深い	41231
起きる	41176
将軍	41169
所有	41157
業務	41084
限り	41059
建築	41030
選手権	41008
政策	40915
こう	40868
分布	40676
段階	40657
任命	40598
ライブ	40590
動物	40566
継続	40531
商品	40523
しばしば	40515
帰国	40492
父親	40477
ポジション	40472
継承	40432
通称	40426
京都	40412
台湾	40408
日本語	40405
向上	40379
勢力	40369
解散	40350
成長	40349
プロジェクト	40346
世帯	40330
朝	40317
大規模	40178
きっかけ	40168
政権	40073
インド	40060
コーナー	39919
前後	39915
属す	39913
よい	39888
を通じて	39884
仕様	39830
事故	39815
最終的	39712
保護	39687
理論	39687
誌	39649
やる	39542
上記	39534
守る	39476
カナダ	39473
始め	39431
層	39406
反応	39388
作業	39370
ファン	39349
戦う	39347
米	39341
弾	39219
計	39218
ロンドン	39204
占める	39166
判断	39156
時分	39115
ステージ	39106
経由	39097
タイプ	39082
移る	39061
面積	39025
コース	39013
よ	38885
観測	38818
王座	38673
指名	38643
制限	38608
風	38591
属する	38517
もしくは	38493
更に	38491
起用	38477
変える	38453
注目	38451
行政	38384
テーマ	38336
発足	38313
総合	38266
節	38197
翌	38196
領	38188
産業	38148
展示	38139
光	38077
女優	38039
開設	37994
夜	37978
諸	37955
わずか	37922
海外	37827
漫画	37802
本名	37747
公園	37709
困難	37705
警察	37663
有する	37642
プロ	37634
議会	37622
倍	37595
強化	37569
既に	37554
応じる	37545
学	37522
ドラマ	37460
cm	37430
通過	37404
本塁打	37371
主催	37274
メーカー	37272
改称	37240
まだ	37203
予選	37187
番号	37151
対立	37148
男子	37067
半	36984
あまり	36971
合計	36940
プログラム	36861
復活	36781
こうした	36770
口	36733
論	36728
内部	36689
代わり	36659
スタート	36650
党	36646
ソ連	36641
植物	36609
レベル	36600
機体	36572
規模	36497
日本人	36477
夫	36446
務め	36431
執筆	36418
通う	36399
後期	36361
加わる	36329
分ける	36318
ニューヨーク	36307
実験	36284
自然	36275
本人	36272
進学	36227
改造	36210
確保	36124
本来	36111
治療	36102
被害	36098
比較的	36092
広がる	36029
団	36024
会員	36008
オーストラリア	35984
比較	35975
発	35975
カード	35944
増える	35932
未	35910
身	35861
小さな	35841
花	35819
目標	35815
処理	35790
共通	35763
細胞	35736
歌手	35724
なり	35715
ヶ月	35699
官	35696
自動車	35672
禁止	35645
ツアー	35619
車体	35597
伝統	35586
集団	35521
領域	35520
週間	35488
通算	35446
感じる	35424
並ぶ	35415
意見	35403
普及	35400
編集	35359
大学院	35346
食べる	35297
登板	35292
長男	35288
制定	35243
通る	35227
逮捕	35170
命令	35134
移行	35105
法律	35101
外部	35037
範囲	35033
更新	35016
右	35015
市場	35011
兄弟	35006
いわゆる	34959
命じる	34929
件	34846
小さい	34769
操作	34768
勤務	34762
推定	34762
殺す	34761
概念	34713
動き	34695
ま	34665
後述	34652
違い	34637
行為	34624
資料	34610
科学	34599
あたる	34596
違う	34585
気	34568
限定	34538
立場	34498
ブランド	34487
すなわち	34483
編	34475
海	34460
千	34400
供給	34399
保存	34396
周囲	34368
限る	34320
延長	34317
占領	34263
候補	34209
激しい	34196
訓練	34160
女	34137
秒	34116
入団	34101
首相	34022
前作	34021
歴任	34013
どの	34004
ローマ	33950
宣言	33941
傾向	33938
在籍	33918
古い	33911
兼	33835
市内	33821
史	33807
かかわる	33791
回戦	33771
当選	33748
推進	33734
地位	33710
制御	33709
ラジオ	33659
艦隊	33647
スタッフ	33614
二人	33601
幅	33597
ポイント	33582
建てる	33580
バージョン	33484
市民	33464
一時	33416
前述	33414
統一	33411
メディア	33385
DVD	33385
生徒	33292
中止	33291
報道	33270
代わる	33200
命名	33141
再開	33127
読む	33124
殺害	33079
職	33043
劇場	33041
対策	33010
ずつ	32998
トップ	32971
区別	32966
だが	32930
任務	32924
基準	32919
繰り返す	32897
表	32826
北海道	32816
標準	32776
撤退	32763
認定	32746
競技	32742
像	32734
研究所	32729
神社	32702
周年	32673
死ぬ	32646
さん	32618
好き	32603
わけ	32590
継ぐ	32584
用意	32548
話す	32524
友人	32474
スタジオ	32473
決まる	32449
英	32446
交流	32384
航空	32306
さまざま	32214
左	32204
葉	32183
速度	32179
国民	32150
皇帝	32144
交換	32143
毎年	32138
検討	32129
入社	32114
シーン	32110
単位	32053
表明	32043
残り	32035
空間	32016
もたらす	31963
副	31958
適用	31952
議論	31951
政治家	31908
体制	31860
週	31780
藩主	31769
くれる	31758
跡	31723
演出	31635
期待	31610
改良	31587
提出	31565
呼称	31564
空港	31550
球団	31546
かなり	31536
にも	31516
結局	31498
終える	31444
AND	31434
停止	31399
及ぶ	31360
連絡	31305
奪う	31278
性能	31245
便	31219
代目	31215
市立	31196
分かる	31195
翌日	31179
高さ	31178
六	31170
本部	31169
もう	31165
自治体	31146
基本的	31101
軸	31101
×	31095
脚本	31086
今日	31078
事務所	31069
門	31068
交渉	31050
江戸	31037
改正	31023
出力	31020
略称	31019
長さ	30974
エピソード	30972
サッカー	30960
おく	30960
首都	30910
スタイル	30884
紀元	30858
引き継ぐ	30835
西部	30824
挑戦	30786
域	30752
オランダ	30752
組む	30746
TVドラマ	30738
丁	30709
文	30700
競走	30698
建造	30685
器	30652
オリジナル	30644
武器	30637
施行	30601
わかる	30573
部長	30552
ユニット	30536
え	30531
形状	30528
早い	30502
準備	30419
命	30411
前半	30387
やがて	30366
改善	30277
まず	30245
移す	30226
師団	30221
エネルギー	30221
方針	30206
段	30184
分離	30125
CM	30119
承認	30112
経緯	30107
貴族	30054
編入	30045
縁	30022
合流	30018
低下	29942
計算	29933
ランキング	29924
農業	29893
東部	29886
乗る	29857
短い	29822
理解	29799
百	29799
名義	29787
権利	29780
ヒット	29779
地上	29773
扱い	29758
発言	29751
軌道	29735
なか	29727
文書	29714
実行	29713
古代	29710
直前	29704
開通	29676
大幅	29629
案	29600
沿い	29538
設備	29532
傘下	29506
大半	29478
単独	29446
録音	29440
手法	29437
名乗る	29427
許可	29370
にあたる	29332
道号	29317
イメージ	29305
母親	29277
上がる	29259
依頼	29251
イングランド	29248
認識	29247
地点	29242
宇宙	29190
あらすじ	29161
防衛	29128
新聞	29124
トン	29078
学者	29069
ビル	29059
まとめる	29058
普通	28994
同日	28966
つまり	28964
前身	28943
ただ	28943
後年	28908
通信	28908
メイン	28900
新設	28880
生成	28877
全員	28864
管轄	28858
有す	28837
初頭	28797
あげる	28715
安定	28706
プレイヤー	28682
大量	28671
砲	28670
機構	28660
元々	28635
一般的	28563
否定	28557
章	28525
優れる	28514
文学	28508
足	28491
宗教	28475
愛称	28469
電車	28463
学区	28445
若い	28421
打率	28373
帯	28311
許す	28307
買収	28306
どちら	28304
にわたって	28299
電気	28267
各種	28252
アーティスト	28227
亡くなる	28163
分割	28153
患者	28147
確立	28132
小型	28120
七	28062
披露	28058
担う	28023
X	28016
寺	28005
移住	27993
ルート	27983
流れ	27959
性格	27948
声優	27926
事実	27895
区域	27870
プロデューサー	27802
回復	27787
様	27761
師	27761
加盟	27744
ソフト	27741
東京都	27737
付く	27718
すでに	27715
論文	27694
回転	27685
画家	27657
オーストリア	27647
過ごす	27640
集まる	27635
毎	27630
過程	27585
顔	27558
意識	27522
図書館	27503
十分	27488
アジア	27467
ゲスト	27439
拒否	27428
分析	27383
NHK	27376
死後	27356
機器	27321
業	27318
立てる	27262
項目	27258
系列	27211
調整	27202
所在	27198
comune	27177
な	27157
進行	27125
付き	27123
先発	27121
達す	27099
集	27091
紙	27070
インタビュー	27063
生物	27051
もらう	26987
侵攻	26985
界	26979
いい	26961
超	26959
拡張	26902
マイル	26889
院	26881
世代	26876
料理	26842
招く	26769
登場人物	26762
築く	26758
表面	26740
周	26734
姓	26727
ばかり	26664
結合	26653
原則	26645
基礎	26632
指導者	26626
評す	26615
改名	26614
元年	26604
サイト	26587
著書	26481
出会う	26465
歴	26395
アナウンサー	26393
資格	26386
美術	26361
開幕	26348
投手	26336
リンク	26330
過ぎる	26317
港	26308
地下	26296
会場	26293
巨大	26274
in	26257
避ける	26256
一定	26241
固定	26239
飾る	26229
和年	26227
高等学校	26198
判明	26194
難しい	26188
無	26179
ポーランド	26125
事実上	26111
性質	26109
投票	26076
観光	26071
分かれる	26069
解釈	26068
保有	25969
当たる	25962
やや	25938
講師	25930
消滅	25924
安全	25902
アクセス	25902
割	25878
チャート	25876
上位	25872
様子	25858
レギュラー	25811
オープン	25811
基地	25810
閉鎖	25748
遺跡	25734
資金	25727
ホテル	25705
解決	25683
低	25676
最	25673
打つ	25655
伝説	25654
常に	25620
条約	25613
歌詞	25605
投入	25603
寺院	25554
軍事	25532
サポート	25526
思想	25525
じ	25521
家庭	25518
下記	25512
キャリア	25511
近代	25506
木	25452
座	25449
ケース	25446
路	25427
従事	25418
生息	25374
正	25341
ブラジル	25340
不足	25305
階級	25304
モード	25300
順	25299
中世	25285
毎週	25220
部屋	25190
特殊	25187
国勢調査	25180
施す	25165
発達	25155
詩	25146
学会	25121
和	25117
盤	25090
合意	25077
エリア	25076
させる	25047
航空機	25005
De	25002
昇進	24982
○	24949
博物館	24938
ピアノ	24933
板	24900
研究者	24832
両方	24832
BR	24825
集落	24817
現地	24813
後継	24726
上昇	24721
席	24717
言える	24690
現役	24682
要請	24682
客	24680
負傷	24669
ルール	24654
図	24648
ネットワーク	24641
翻訳	24637
医師	24631
壁	24627
機会	24612
上映	24541
窓	24521
用語	24504
崩壊	24496
すぎる	24478
せん	24439
価格	24418
中継	24415
湖	24413
取り上げる	24389
厳しい	24369
画面	24369
末期	24359
絵	24345
誰	24324
野球	24296
著作	24266
戦死	24232
機械	24226
香港	24211
住宅	24209
り	24202
初め	24174
越える	24167
身長	24164
名付ける	24138
自宅	24105
公立	24097
同士	24094
ニュース	24041
売却	24039
森	24016
タイ	24016
学科	24010
八	24000
か月	23994
商業	23983
起源	23976
大部分	23971
現存	23957
問う	23940
旅	23938
長期	23935
手がける	23932
発射	23912
危険	23909
不	23909
抑える	23892
ユダヤ人	23885
統治	23875
構想	23874
正確	23861
ころ	23855
授与	23842
連合	23834
額	23811
証明	23803
兵士	23802
指示	23782
TVアニメ	23773
障害	23772
出現	23764
し	23758
有力	23752
スウェーデン	23745
チャンネル	23744
再建	23734
こそ	23731
mm	23705
夢	23703
手掛ける	23683
王者	23679
反乱	23670
左右	23659
歴代	23658
改革	23638
考え	23637
有効	23616
銀行	23598
親	23596
作用	23583
一族	23548
沿う	23528
課程	23528
関与	23527
留まる	23514
ご	23498
悪い	23476
キリスト教	23471
明確	23469
中華人民共和国	23464
を通して	23461
聖	23455
構築	23455
少年	23447
去る	23436
箇所	23418
側面	23399
吸収	23393
活用	23391
標高	23389
天皇	23377
西側	23376
次第に	23364
話題	23352
受け入れる	23346
信仰	23339
各国	23327
そのもの	23327
動作	23313
抵抗	23307
反	23287
冬	23276
仲間	23262
英国	23245
栽培	23229
あたり	23224
セット	23222
場面	23210
芸術	23202
両者	23186
妹	23176
共演	23152
物質	23150
幕府	23121
対抗	23092
トラック	23057
高速	23053
古く	23027
掲げる	23026
生きる	22988
孫	22951
注意	22933
帝国	22927
首	22893
沿革	22882
御	22875
JR	22871
同盟	22870
作曲家	22862
共に	22832
名誉教授	22810
秋	22804
リスト	22778
改める	22777
悪化	22755
工業	22748
日本国内	22696
陥る	22645
公表	22637
白	22636
締結	22628
ページ	22626
少し	22623
交差点	22614
ベスト	22610
高度	22588
事態	22578
両親	22569
満たす	22569
趣味	22564
ゴール	22564
手段	22564
年齢	22558
もっとも	22556
規制	22556
ちなむ	22548
電子	22542
票	22541
とおり	22515
P	22496
した	22471
類似	22446
歩兵	22407
サッカー選手	22398
複雑	22343
無料	22340
保持	22334
放つ	22323
伝わる	22318
混乱	22290
合格	22240
責任	22240
即位	22222
裁判	22206
就く	22188
いえる	22162
メジャー	22145
帰る	22129
育成	22124
同一	22124
ほう	22112
盛ん	22111
九州	22110
教える	22105
国王	22073
出走	22065
引く	22054
地震	22040
輸入	22036
あと	22029
容易	22026
コンピュータ	21973
ネット	21948
角	21942
カバー	21937
完了	21935
世界選手権	21902
藩	21882
相	21873
言及	21870
本格	21844
描写	21843
一軍	21828
上陸	21814
現象	21810
投げる	21780
裏	21772
連隊	21770
乗車	21755
考慮	21745
出典	21739
重視	21734
行	21724
不可能	21721
北側	21716
うえ	21686
半分	21685
二つ	21683
内閣	21680
負う	21670
国鉄	21660
収録曲	21657
報じる	21650
作詞	21608
仕える	21598
取り入れる	21586
子孫	21583
王国	21560
ソフトウェア	21554
県道	21553
挟む	21542
サイズ	21529
得手	21526
検査	21522
列	21516
集中	21512
しない	21511
朝鮮	21491
関心	21484
立候補	21483
年昭	21453
トンネル	21439
医療	21424
東西	21415
軍人	21392
惑星	21386
愛	21384
しかしながら	21369
プロデュース	21367
衝突	21311
本拠地	21307
インターネット	21294
つながる	21284
価値	21281
手紙	21257
退団	21242
半ば	21224
ね	21205
書籍	21188
ダム	21175
引き起こす	21173
春	21166
絵画	21160
修了	21158
コンサート	21156
長年	21146
練習	21133
かも	21133
専攻	21132
娘	21132
ユーザー	21109
抱く	21102
技	21096
重ねる	21091
訪問	21081
規格	21058
諸国	21034
判決	21030
希望	21026
一種	21025
メキシコ	21009
そんな	21002
らしい	20987
敗北	20980
合う	20963
河川	20961
アフリカ	20936
出馬	20919
意	20918
少女	20911
赤	20907
大字	20888
網	20868
全米	20862
個体	20861
民族	20850
転換	20818
将来	20817
感染	20811
解体	20807
レコード	20800
転じる	20784
望む	20778
改修	20759
走行	20742
創立	20738
知識	20730
もともと	20722
携わる	20719
コメント	20716
教師	20705
支える	20696
防ぐ	20686
好む	20653
費用	20651
マーク	20649
名古屋	20641
準決勝	20639
発着	20627
オリンピック	20595
たとえば	20592
美しい	20585
ギター	20580
興味	20573
争い	20569
落とす	20534
こちら	20518
合成	20511
再度	20504
議長	20499
午後	20495
みなす	20487
ブロック	20435
付け	20420
天正	20419
民間	20414
巡る	20371
なくなる	20368
核	20367
取材	20353
職員	20346
広島	20328
憲法	20321
単に	20318
現場	20298
処分	20290
横浜	20268
体重	20253
測定	20247
著名	20239
倒す	20237
空	20232
南北	20231
取締役	20211
スイス	20210
伯	20198
創刊	20183
脚	20179
用途	20150
端	20142
居住	20135
駅舎	20134
辞任	20127
産	20124
文献	20118
輸出	20113
付属	20094
東側	20085
襲撃	20028
病気	19999
流す	19993
ホール	19993
東京大学	19987
定着	19983
薬	19979
下す	19944
流	19942
男女	19924
精神	19921
切る	19920
理事	19907
珍しい	19902
一番	19900
海岸	19898
広告	19897
しばらく	19882
銀	19880
弟子	19873
次ぐ	19838
幅広い	19834
運ぶ	19830
FC	19828
弁護士	19818
墓	19816
横	19816
流行	19804
フジテレビ	19781
植民地	19777
暮らす	19776
引き続き	19772
解放	19763
欧州	19761
ビデオ	19749
取引	19737
全長	19709
扉	19706
史上	19687
祭	19677
次いで	19675
収入	19673
業界	19671
民主党	19654
訴える	19651
真	19638
防御率	19638
てる	19637
離脱	19630
コード	19625
戦車	19623
動画	19623
之	19622
遠征	19615
次男	19614
健康	19613
はず	19602
育つ	19571
塔	19569
革命	19557
一環	19555
象徴	19532
レコーディング	19512
買う	19509
公式戦	19509
罪	19507
kg	19506
中期	19503
管	19484
アイルランド	19483
譲渡	19478
太陽	19470
南側	19445
潜水艦	19424
カリフォルニア州	19398
のに	19391
黒	19387
中間	19380
予想	19359
子供達	19349
日本軍	19336
停車	19314
年末	19308
IC	19307
家臣	19293
留学	19287
上演	19284
推薦	19279
覆う	19260
打点	19245
卵	19236
連携	19229
通じる	19212
放映	19208
伝承	19202
既存	19183
第一次世界大戦	19181
追う	19146
電話	19140
功績	19120
到達	19107
燃料	19101
保つ	19098
午前	19097
変換	19063
創業	19058
中心部	19043
衆議院議員総選挙	19035
以内	19026
導く	19024
出発	19022
県立	18995
連れる	18984
アメリカ軍	18984
画像	18977
戦略	18973
推測	18972
スペシャル	18952
医学	18947
経過	18946
実業家	18945
迫る	18933
レーベル	18921
屋	18919
連邦	18917
包囲	18917
空気	18912
君	18895
国境	18877
一連	18871
出し手	18868
事例	18868
見解	18863
積極	18848
ジャンル	18841
質	18806
当主	18802
防御	18796
度目	18794
実績	18789
姿勢	18777
従う	18777
市長	18754
信じる	18747
滞在	18725
子会社	18721
主体	18715
護衛	18715
提唱	18711
テスト	18708
修正	18706
境界	18690
機種	18672
連盟	18667
温度	18653
予算	18649
小中学校	18618
平日	18605
深夜	18602
申請	18597
棟	18590
見つかる	18586
営業所	18584
関係者	18578
帰還	18575
伯爵	18570
年生	18568
波	18567
今後	18564
旅行	18561
区分	18560
任じる	18548
分秒	18546
発揮	18538
PLAY!	18530
単純	18525
当該	18525
最近	18520
議席	18517
模様	18511
広場	18510
一致	18505
再生	18491
北朝鮮	18491
少なくとも	18490
に際して	18475
養子	18461
上回る	18457
エジプト	18444
強力	18443
火	18428
所在地	18426
タレント	18418
進化	18404
およそ	18403
定期	18381
意図	18378
TO	18358
次々	18348
後者	18345
事情	18335
全区	18314
症状	18297
原題	18296
急速	18279
触れる	18268
分子	18268
探す	18264
収容	18256
狙う	18254
利益	18253
家督	18243
作者	18238
主力	18232
演劇	18224
囲む	18219
確定	18216
証拠	18199
数字	18198
審査	18189
源	18179
享年	18170
はつ	18168
重量	18157
在住	18151
金属	18150
現実	18145
遺伝子	18145
政党	18138
TH	18136
勃発	18119
双方	18116
自己	18107
年令	18096
勝つ	18084
上部	18081
打撃	18073
得意	18062
相次ぐ	18056
試みる	18039
株	18037
人生	18031
称号	18025
ハンガリー	18003
ミュージシャン	18001
むら	17981
襲う	17978
一切	17956
捜査	17952
負担	17944
没	17943
脱退	17900
狭い	17887
児童	17884
出来事	17881
入手	17869
信号	17866
委員長	17865
イラスト	17845
後任	17835
コンセプト	17835
とどまる	17828
駆逐艦	17819
カメラ	17798
ロック	17794
降伏	17792
貿易	17789
鉄	17766
自動	17756
実	17747
取り組む	17739
暗殺	17737
脱出	17723
又は	17706
師事	17675
続編	17665
売る	17662
ノ	17627
贈る	17621
軍団	17600
該当	17588
配備	17579
落ちる	17578
丸	17564
仏教	17564
着用	17563
人員	17558
徐々に	17553
待つ	17536
外国	17536
需要	17535
想定	17533
タンパク質	17532
順位	17516
材料	17504
兵器	17493
故障	17490
高位	17486
マシン	17485
援助	17457
ベルリン	17448
新規	17444
題材	17441
公式サイト	17437
電力	17436
当日	17435
天	17432
抱える	17430
記憶	17428
TBS	17411
費	17396
回る	17394
視	17373
守	17371
示唆	17365
後方	17365
接触	17355
九	17349
爆発	17342
ドラフト	17338
生み出す	17338
線路	17330
平和	17327
戻す	17325
フランス語	17325
始まり	17318
姉	17318
直線	17313
カトリック	17313
画	17304
捕虜	17302
関数	17291
近郊	17284
連覇	17281
翼	17254
政治的	17226
イスラエル	17224
答える	17220
追放	17214
比	17214
理事長	17209
危機	17198
数学	17196
先行	17193
同期	17191
休止	17186
おこなう	17186
放送時間	17185
退任	17182
流通	17178
敗退	17172
あらゆる	17171
少将	17165
重	17157
助教授	17153
任意	17151
ある日	17151
喫す	17140
業者	17138
祖父	17126
来日	17122
ベルギー	17119
キャスト	17117
一帯	17108
青年	17098
撤去	17092
解消	17078
楽器	17074
日本代表	17069
にくい	17064
特性	17064
経路	17060
フィリピン	17057
血	17054
簡単	17053
ごろ	17043
組み合わせる	17042
編曲	17041
変遷	17028
次元	17028
協定	17026
処刑	17018
移民	17011
主題歌	17003
幹部	16998
前期	16984
観客	16978
修理	16972
長官	16970
投稿	16969
守備	16950
置き換える	16930
手術	16924
交代	16922
うる	16917
晩年	16909
課	16907
夫人	16906
冊	16905
体験	16905
境	16902
沖縄	16898
リーグ戦	16890
犯罪	16847
ウクライナ	16846
分岐	16841
選定	16840
町名	16839
目立つ	16829
ダンス	16829
行き	16820
要因	16818
別名	16814
林	16811
競馬	16792
北西	16784
着る	16762
推移	16732
見つける	16724
関東	16721
証言	16720
誇る	16718
沿岸	16711
一家	16706
跡地	16702
修道院	16693
柱	16690
連	16689
任	16669
身体	16668
PC	16666
演技	16666
伝	16666
非難	16664
犬	16650
総称	16632
提携	16631
熱	16616
体系	16599
派生	16596
哲学	16579
料金	16569
独特	16566
アイテム	16552
規則	16551
依存	16537
したがって	16530
領土	16522
パイロット	16520
陣	16516
様式	16515
見なす	16514
決意	16513
出席	16500
温泉	16489
竣工	16479
単	16478
床	16465
隣	16461
軍隊	16461
受け取る	16458
先端	16450
同じく	16444
病	16442
隠す	16424
労働者	16423
フリー	16419
部品	16414
全域	16411
労働	16409
旨	16408
南西	16381
提示	16373
郊外	16373
案内	16367
防止	16365
都	16361
共	16354
判定	16349
集合	16333
世界中	16295
組合	16287
オーディション	16286
助ける	16279
全く	16277
令	16276
デジタル	16264
あ	16259
並行	16244
血液型	16244
人類	16240
ポンド	16233
それでも	16225
台車	16223
往復	16220
スポンサー	16217
兼ねる	16205
離婚	16192
実装	16184
民	16173
ライン	16170
気候	16167
執行	16165
同時	16163
インチ	16162
攻略	16160
年前	16156
投資	16155
通	16141
打ち上げる	16127
姉妹	16125
ガス	16123
一員	16094
北東	16093
高める	16090
観察	16087
埋葬	16078
動く	16077
成果	16074
侵入	16070
腕	16069
酒	16061
促進	16059
こうして	16045
抗議	16041
テレビ朝日	16040
しれる	15986
権力	15960
関西	15953
課題	15937
シーズン終了	15933
再編	15931
約束	15930
成分	15921
魚	15918
衛星	15913
宣伝	15912
幕	15912
桁	15871
化学	15867
ところが	15863
権限	15858
統計	15853
本線	15851
伸びる	15850
試作	15849
検出	15843
顧問	15839
多様	15839
屋根	15836
中部	15833
カラー	15820
代替	15803
未満	15801
トルコ	15797
きは	15793
相続	15787
頭部	15776
支部	15766
詩人	15762
損傷	15760
建立	15759
争う	15748
制す	15747
穴	15745
反映	15743
骨	15726
降格	15725
慶長	15722
テレビ番組	15712
押す	15711
明	15698
寄せる	15698
司会	15694
ボール	15681
終戦	15680
応用	15675
戦前	15666
移管	15662
出演者	15651
紀元前	15632
清	15624
主題	15624
社名	15609
措置	15598
補助	15588
外国人	15582
復興	15577
平	15568
協議	15567
にわたり	15566
数える	15563
地形	15563
存続	15560
反発	15560
りつ	15552
プロ野球選手	15547
禄	15545
感	15542
郎	15537
モスクワ	15537
自殺	15526
特急	15522
卒	15514
遺体	15512
スコットランド	15509
共有	15506
繋がる	15490
GP	15480
遠い	15466
中学	15456
校舎	15453
圧力	15449
TV	15441
コンビ	15410
亜	15397
司令	15387
興行	15386
訳	15382
ロサンゼルス	15378
さえ	15369
大佐	15368
銃	15364
再現	15362
正しい	15346
リーダー	15333
ちなみに	15326
引退後	15323
接近	15323
連勝	15320
公認	15314
相互	15300
for	15297
ついに	15285
終結	15272
食	15272
大隊	15264
業績	15255
新人	15245
ドライバー	15240
本編	15239
速い	15237
音声	15234
出土	15232
青	15228
全巻	15223
現行	15223
突破	15223
造る	15221
加工	15210
コスト	15204
利用者	15201
連結	15197
自社	15197
火災	15194
《	15190
近隣	15190
》	15189
数多い	15187
接す	15177
台風	15172
数々	15169
発音	15167
モチーフ	15163
支払う	15159
ファイル	15155
止める	15135
古	15110
割合	15102
ポルトガル	15091
ソロ	15090
分解	15082
ソビエト連邦	15076
つくる	15067
退職	15066
授業	15064
監視	15062
メッセージ	15061
仏	15056
ビジネス	15052
主流	15034
国立	15031
必ず	15024
二次	15018
オペラ	15017
南東	15014
史料	15011
ドイツ語	15008
キャンパス	14990
安打	14984
ひる	14975
貨物	14972
ドア	14968
一丁目	14965
飲む	14962
募集	14961
スペース	14958
育てる	14955
不満	14954
弱い	14952
財政	14945
優先	14939
採る	14932
収集	14929
冠	14917
インディアン	14915
入力	14906
食品	14905
堂	14903
毎日	14894
乗客	14891
旗	14867
敷地	14867
運航	14861
株式	14859
デンマーク	14855
明るい	14838
譲る	14822
法人	14811
臨時	14807
取り付ける	14791
衆議院議員	14791
繁殖	14790
逃れる	14783
観点	14775
チャンピオン	14768
会う	14764
一旦	14764
事前	14763
異常	14759
郷	14733
遅い	14727
輪	14718
学園	14716
印刷	14716
日本テレビ	14715
船団	14713
記号	14711
怪我	14701
未来	14684
分裂	14662
空軍	14650
中央部	14648
消費	14636
東北	14636
届く	14629
告げる	14627
土	14623
免許	14618
この間	14617
訴訟	14616
記者	14614
古墳	14597
美術館	14591
頻繁	14582
上流	14576
主義	14554
署名	14551
同名	14544
裁判所	14520
素材	14518
座席	14515
塗装	14512
事業者	14511
違反	14508
パターン	14506
緑	14506
湾	14490
陥落	14487
祀る	14480
剤	14476
Jリーグ	14464
ボーカル	14459
本体	14448
戦国時代	14441
接する	14436
自民党	14427
ともに	14418
地帯	14418
パフォーマンス	14416
主導	14408
ST	14407
放棄	14403
落選	14401
初演	14400
縮小	14398
食事	14397
トーナメント	14395
大陸	14394
市街地	14393
中将	14391
余儀ない	14377
飼育	14371
武将	14365
増やす	14365
原	14356
資産	14349
前提	14338
李	14332
かい	14331
謎	14325
ショー	14314
強調	14313
広げる	14311
合同	14309
効率	14303
環	14302
MLB	14299
故郷	14291
診断	14289
ボタン	14285
アイドル	14281
ジュニア	14270
リニューアル	14269
剣	14264
歴史的	14254
せい	14235
年春	14219
増	14216
意向	14213
携帯電話	14189
学習	14179
選	14173
翌月	14172
基盤	14156
東映	14154
がる	14149
日間	14149
印象	14146
フィルム	14142
解除	14135
愛知県	14134
引用	14133
福岡	14130
逃げる	14130
太平洋戦争	14112
受け継ぐ	14110
大手	14108
例外	14106
回避	14095
勝ち	14093
強制	14077
組み込む	14074
にあたり	14070
策	14049
プロセス	14038
放出	14037
ノミネート	14031
予測	14028
士	14022
平安時代	14017
軒	14013
達する	14011
谷	14010
フィンランド	13999
参考	13995
部族	13994
程	13992
方言	13982
子ども	13981
短縮	13981
圏	13976
因む	13968
作中	13964
魔法	13957
展	13954
丘	13947
疑問	13939
小規模	13931
質量	13924
文学部	13910
ギリシャ	13889
すら	13883
試み	13883
巨人	13874
YouTube	13864
学名	13859
ロボット	13853
記	13850
別に	13848
北米	13848
次に	13835
クリア	13834
商人	13825
明かす	13822
適切	13814
遅れる	13813
装	13804
転向	13799
教員	13794
装着	13790
中断	13788
ビット	13787
楽しむ	13785
ごく	13767
流域	13766
豊か	13766
思い	13761
武装	13751
全日本	13751
課長	13746
しよう	13742
開館	13729
優秀	13726
恐れる	13717
豊富	13700
って	13695
コレクション	13684
沖	13679
ヒト	13678
グランプリ	13674
高まる	13674
営む	13664
雨	13654
池	13653
神戸	13648
イオン	13643
赤い	13640
プロ入り	13636
平方	13626
一緒に	13609
学部	13608
農民	13606
官僚	13600
太平洋	13595
総選挙	13594
砦	13589
発明	13587
装飾	13587
大臣	13584
配属	13581
にわたる	13572
歯	13570
選抜	13566
突然	13564
ドイツ軍	13561
懸念	13559
シナリオ	13547
端末	13545
に従って	13542
解析	13530
論争	13519
その間	13518
唱える	13515
衰退	13507
態度	13501
杯	13501
イラン	13494
当局	13492
考案	13469
装甲	13459
起点	13450
助手	13444
おそらく	13441
ロケット	13427
入賞	13426
上海	13426
綱	13424
ライセンス	13424
一緒	13421
毛	13420
発掘	13414
く	13406
月間	13389
詳しい	13388
渡す	13386
男爵	13385
若干	13382
回収	13376
架空	13374
実質	13373
ウィーン	13365
排除	13360
レストラン	13356
下部	13350
周り	13340
社員	13340
相談	13324
パートナー	13317
延期	13315
ゆく	13311
互いに	13303
―	13297
信頼	13295
a	13279
ブーム	13278
ロゴ	13275
リード	13272
小惑星	13267
直径	13265
JR東日本	13246
敗戦	13245
Windows	13238
薄い	13231
岩	13228
旅客	13227
黒い	13226
酵素	13217
駆動	13215
今回	13209
奴隷	13208
金メダル	13204
ワイン	13202
料	13197
編纂	13195
準	13194
尽力	13194
廃車	13187
巻き込む	13183
知事	13174
NBA	13174
聴く	13160
永	13150
学年	13140
学位	13139
境内	13137
特	13135
誘導	13130
埼玉県	13128
組み合わせ	13125
鳥	13124
委託	13105
保管	13101
多	13100
削減	13081
根拠	13078
本種	13077
劇団	13064
歩	13057
従業員	13055
女王	13055
急	13052
発電	13052
白い	13041
キロ	13035
活性	13034
予備	13030
ノルウェー	13030
立地	13023
亡命	13022
える	13019
抑制	13018
併設	13014
勢	13012
むしろ	13004
可	13003
説得	12997
時間帯	12985
義務	12984
術	12983
才能	12973
幼い	12972
種目	12971
自転車	12956
赴く	12955
日目	12953
著しい	12947
捉える	12947
救う	12946
夫妻	12941
神奈川県	12938
昔	12935
上京	12934
プロ野球	12933
配給	12928
事務	12917
明治時代	12916
スター	12901
介す	12900
夜間	12900
輝く	12892
材	12884
やはり	12875
駆逐	12872
減らす	12867
アルゼンチン	12865
古典	12863
掛ける	12859
耳	12851
職業	12849
石油	12843
感情	12840
重い	12834
パーソナリティ	12824
在位	12810
無視	12808
ジョン	12799
卿	12794
アプリケーション	12786
読者	12776
条項	12758
準優勝	12752
きた	12748
着手	12745
長野県	12744
あわせる	12738
直	12738
シンガポール	12738
ラテン語	12733
いない	12732
ジャズ	12731
乗せる	12730
当てる	12728
唐	12721
第一	12717
北京	12704
同意	12701
成る	12692
柔道	12685
球	12684
実践	12678
考え方	12677
ラジオ番組	12672
開校	12666
校長	12660
肉	12655
最多	12655
映画化	12649
増大	12640
ライバル	12633
祖	12630
しょう	12629
積む	12621
リスク	12614
厚い	12611
下流	12611
使える	12608
船舶	12608
伸ばす	12600
広まる	12594
機関車	12594
実用	12591
奏者	12589
ぜ	12581
財産	12579
停留所	12577
半年	12571
努力	12567
認可	12553
断る	12537
トラブル	12533
上下	12532
パート	12527
黒人	12526
適す	12507
称する	12504
外観	12504
白人	12503
養成	12503
局長	12492
歩く	12487
移植	12486
くらい	12484
鈴木	12482
必ずしも	12476
繰り広げる	12472
生命	12472
教室	12469
雪	12468
損害	12467
ネタ	12452
ジャケット	12451
射撃	12450
修復	12447
ヤード	12442
秘密	12442
分の	12441
応援	12438
トレード	12437
運賃	12432
尾	12431
所蔵	12426
視点	12423
市町村	12419
年秋	12419
前者	12416
旅団	12416
正面	12413
主宰	12412
プレーオフ	12405
握る	12397
☆	12396
航海	12394
パッケージ	12378
被害者	12377
在	12377
代理	12365
航路	12355
音源	12345
漢字	12328
支流	12327
兼任	12324
ちる	12321
どこ	12319
箱	12312
生かす	12311
黄色	12309
AAA	12304
筋	12298
天文	12294
重賞	12292
何度	12286
艦長	12267
戦隊	12267
にあたって	12261
年契約	12258
下り	12247
倒れる	12243
田中	12235
胸	12233
整理	12232
王子	12222
通学	12219
おり	12209
省	12207
原子	12200
ニュージーランド	12194
地図	12194
ガラス	12194
千葉県	12187
じゃ	12186
墓地	12186
本土	12170
最古	12169
具体	12168
専門家	12168
飛ぶ	12167
アカデミー	12155
魚雷	12148
回数	12147
騎手	12141
併せる	12133
烏合	12131
ほしい	12119
面す	12116
行事	12111
疾患	12109
アマチュア	12108
乾燥	12099
建	12095
創建	12086
魅力	12085
Twitter	12079
イギリス軍	12078
最中	12077
少数	12077
経	12072
ゼロ	12070
番線	12063
選考	12061
西日本	12054
塩	12053
物資	12053
車種	12050
α	12046
バラエティ番組	12046
化石	12041
史上初	12040
す	12037
もし	12029
削除	12023
配布	12021
要塞	12021
屋敷	12020
消す	12017
操縦	12012
ラウンド	12011
アレンジ	12007
活発	12006
爵位	11999
出資	11991
空母	11991
事項	11971
映画監督	11969
改装	11966
数値	11964
衝撃	11952
大人	11951
刺激	11946
ジャーナリスト	11943
気筒	11943
若手	11942
王朝	11942
犯人	11940
余	11930
当たり	11922
大阪府	11921
死者	11916
アニメーション	11916
誤る	11915
具体的	11914
札幌	11914
外側	11913
甲板	11911
ミュージカル	11909
戦闘機	11908
改めて	11900
噂	11892
何らかの	11889
在学	11877
向き	11874
M	11867
早稲田大学	11857
枝	11852
ここに	11849
特許	11848
前面	11847
コンテンツ	11846
めぐる	11844
捨てる	11844
意思	11837
ねん	11836
欧米	11833
法案	11833
リング	11831
駐車場	11828
日記	11826
後継者	11823
約分	11817
g	11815
天保	11812
スーパー	11805
取り戻す	11804
宮廷	11801
受章	11799
補給	11798
ミサイル	11785
SS	11784
恒星	11778
深刻	11769
会話	11766
欠く	11760
ベトナム	11756
終点	11755
前方	11754
抜く	11747
征服	11747
車線	11745
仙台	11739
質問	11738
売り上げ	11726
部下	11716
請求	11711
ウイルス	11707
出撃	11705
インドネシア	11704
入門	11702
ミッション	11699
FA	11698
脳	11696
減る	11691
教皇	11691
資源	11690
やってくる	11684
オスマン帝国	11683
我々	11681
量産	11673
行い	11668
兵庫県	11668
オプション	11663
創作	11662
学長	11658
クレジット	11657
最新	11655
長崎	11654
題す	11652
シート	11651
仮	11650
高級	11641
周波数	11640
メジャーデビュー	11639
SF	11637
同国	11627
玉	11623
はっきり	11621
寄付	11621
文章	11616
オンライン	11616
出産	11593
独占	11592
戦線	11591
PS	11585
単行	11583
戦艦	11583
長らく	11576
元手	11575
括弧	11575
アメリカ人	11572
著者	11569
公共	11565
取り扱う	11564
作詞作曲	11562
日々	11553
のり	11552
大使	11548
地下鉄	11548
容量	11548
底	11543
ユーロ	11543
招待	11542
仲	11536
アクション	11516
初勝利	11515
大名	11514
街道	11507
戦力	11506
結論	11500
取り組み	11499
だい	11499
君主	11491
宮	11486
僕	11485
阻止	11485
入口	11480
路線バス	11478
盗塁	11473
原理	11466
覚える	11465
牛	11449
ディレクター	11448
背番号	11448
山頂	11447
不安	11435
先輩	11432
民国	11432
先頭	11428
コミュニティ	11425
爆撃	11424
WEBサイト	11423
世紀末	11419
空襲	11412
直通	11411
根	11411
トップチーム	11409
雰囲気	11408
浴びる	11407
北方	11396
DNA	11395
エース	11393
宝	11391
片	11382
奪三振	11377
逃亡	11377
学術	11370
社会的	11370
総督	11368
通す	11367
番台	11367
都道府県	11364
番人	11364
代表取締役社長	11363
作り	11362
開ける	11362
日後	11359
支店	11358
暗い	11351
品種	11350
こ	11346
若者	11343
解雇	11340
寄り	11339
朝廷	11337
佐藤	11328
め	11325
基礎自治体	11320
外す	11317
対決	11315
SP	11314
レーダー	11311
捕らえる	11306
内側	11304
急行	11297
丁目	11296
ジョージ	11294
衣装	11291
砲撃	11288
気づく	11286
交易	11285
ある程度	11284
最低	11279
ワールドカップ	11279
驚く	11272
人数	11270
彫刻	11265
挑む	11258
土曜日	11256
学問	11255
雇用	11252
及ぼす	11250
全面	11247
道具	11242
ON	11241
修行	11238
土曜	11231
準々決勝	11230
降る	11203
同僚	11201
冒頭	11199
夫婦	11198
キャンペーン	11197
樹立	11194
外れる	11189
外交	11188
恋	11186
顧客	11186
牽引	11180
並び	11179
森林	11178
開放	11173
従軍	11168
前回	11166
太字	11164
III	11164
全曲	11162
静岡県	11161
変身	11155
長女	11151
ミュージックビデオ	11150
避難	11146
年次	11145
附属	11136
サウンド	11134
叔父	11132
共産党	11131
一体	11126
初戦	11125
カット	11123
極めて	11119
気持ち	11118
戸	11118
峠	11114
それから	11111
消える	11110
紛争	11101
小説家	11094
促す	11090
アメリカ海軍	11089
送信	11089
高校生	11083
日曜日	11083
絶対	11083
主役	11082
上り	11081
電	11080
あなた	11065
振る	11063
競争	11061
遂げる	11056
付与	11049
売上	11043
間隔	11043
終盤	11041
近世	11041
船体	11040
領主	11038
ブレーキ	11037
指揮官	11034
気温	11029
神話	11028
宮殿	11026
入	11025
メダル	11024
配慮	11024
司令官	11008
福岡県	11002
々	10998
攻める	10997
視聴者	10997
同等	10995
発覚	10991
酸素	10990
実は	10989
プラットフォーム	10989
しん	10987
オーケストラ	10980
抜ける	10973
車内	10960
競走馬	10955
甲	10955
持ち込む	10952
甥	10949
きょう	10949
新型	10945
負け	10944
バスケットボール	10939
最優秀	10935
努める	10934
発す	10933
追い込む	10931
呉	10931
解任	10929
銅	10929
天体	10926
金曜日	10925
飛行機	10921
退社	10916
代表作	10916
確実	10906
勤める	10902
批評家	10901
応募	10898
城主	10896
味	10894
後部	10893
参入	10892
オープニング	10886
文明	10886
爆弾	10884
粒子	10877
眼	10877
ユース	10868
焼失	10865
阪神	10865
視聴	10863
パス	10862
戦術	10860
入院	10856
雄	10856
番目	10855
エンディング	10850
承る	10848
建て	10847
融合	10847
タイム	10846
妃	10844
財団	10843
投与	10834
ペア	10833
個別	10829
工学	10829
縦	10824
濃度	10822
ヒロイン	10817
バック	10800
受信	10799
判定勝ち	10796
中華民国	10795
風景	10792
顕著	10790
日常	10790
MC	10790
一貫	10787
とても	10779
侯	10778
張	10775
シカゴ	10772
断念	10772
有	10770
圧倒的	10769
改編	10768
間もなく	10765
増す	10764
臨む	10762
突入	10759
共和党	10758
大韓民国	10757
配列	10756
中国語	10755
騎乗	10751
全線	10745
blog	10744
廃	10743
服	10742
史跡	10739
飛行場	10737
単行本	10736
怒り	10734
まもなく	10730
騎兵	10726
説く	10723
連合軍	10706
滅亡	10702
放送局	10698
腹	10696
紋章	10691
有利	10691
観	10688
原料	10683
黄	10683
当地	10682
要望	10681
歌唱	10676
公爵	10676
儀式	10675
作風	10670
つとめる	10667
選挙区	10662
シリア	10662
県内	10661
放送開始	10655
通行	10651
守護	10651
緊急	10650
沿線	10638
期間中	10631
R	10630
経済的	10629
共和国	10628
国外	10625
府	10620
スタジアム	10619
敷設	10618
講演	10615
ダイヤ改正	10613
英雄	10607
水域	10605
高校時代	10599
オーナー	10594
実在	10594
政	10589
特技	10588
うまい	10588
厳密	10586
もっと	10580
ミス	10562
いける	10556
FIFAワールドカップ	10556
極め手	10554
講義	10551
標本	10547
生地	10544
保証	10533
フル	10533
建国	10532
庭園	10531
後ろ	10530
前日	10523
候補者	10522
将校	10520
支払い	10518
逆転	10518
社会主義	10508
順次	10508
勧める	10507
首位	10506
口径	10506
後退	10502
それに	10501
現状	10493
好	10483
中退	10482
ヒトラー	10480
駒	10478
制覇	10478
技法	10477
魂	10476
単語	10474
逃す	10474
まったく	10473
殿	10467
炎	10466
しかも	10466
変形	10462
感覚	10456
著す	10455
命中	10455
参加者	10455
国会	10454
注ぐ	10451
対処	10449
傍ら	10448
作画	10438
海上	10436
園	10434
限界	10431
レビュー	10430
撃破	10429
里	10426
なぜ	10423
寛永	10423
文化財	10423
隊員	10417
資本	10416
西洋	10407
鉱山	10407
成す	10406
そうした	10386
演説	10385
四国	10384
背	10381
研修	10381
復元	10374
所長	10373
行使	10369
動かす	10365
搭乗	10365
所持	10363
実家	10360
低迷	10358
主任	10357
デモ	10353
返還	10352
べ	10341
軽い	10337
山地	10335
劇	10335
典型	10328
楽章	10328
巡	10326
羽	10320
開拓	10315
親しむ	10313
印	10311
捕手	10307
パーセント	10301
鎌倉時代	10299
重なる	10296
解	10296
保守	10293
暴力	10292
パソコン	10286
発症	10285
施工	10285
ボディ	10284
批評	10278
脚本家	10271
沈没	10266
法学部	10266
元禄	10263
ひとり	10261
雲	10260
もうける	10254
神経	10252
変動	10248
夕方	10243
相撲	10240
階段	10232
専念	10231
近	10230
省略	10228
遭う	10228
劇中	10218
三男	10216
出店	10215
祭り	10212
初登場	10210
抗争	10197
込める	10191
両国	10190
決議	10184
生態	10183
近づく	10182
評判	10172
藩士	10169
漫画家	10164
短期間	10163
ルーマニア	10163
特集	10162
出生	10158
坂	10158
キャラ	10155
スカウト	10152
中心地	10151
賞金	10150
鏡	10150
人事	10146
調	10141
僅か	10140
動員	10139
かけて	10131
没す	10128
就職	10125
役員	10124
刻む	10123
芸名	10121
発注	10119
相対	10116
トイレ	10113
スコア	10112
そのうち	10110
ど	10110
調べる	10108
猫	10102
忘れる	10102
武士	10100
番地	10099
中村	10097
在学中	10096
南方	10094
警備	10093
鎮圧	10089
仕組み	10086
災害	10084
フィールド	10082
右派	10079
恋人	10070
要する	10068
稀	10067
影響力	10064
暫定	10064
Billboard	10062
介入	10054
挿入	10043
自分たち	10042
救援	10041
短編	10041
フィート	10031
OS	10030
ヘンリー	10028
着陸	10023
航行	10022
日曜	10017
貴重	10014
刑事	10009
一度	10004
賛成	10004
勝負	10004
UFC	10003
ND	10001
法的	10000
大変	9995
駅前	9989
名誉	9989
殆ど	9988
所領	9987
延伸	9984
戦場	9980
競合	9975
打者	9973
契機	9967
偶然	9967
聖書	9967
種牡馬	9966
比率	9963
抜擢	9961
生放送	9961
哨戒	9958
新潟県	9951
モンゴル	9949
確率	9944
個々	9944
ヘリコプター	9942
積極的	9940
鎖	9937
住居	9931
ロックバンド	9931
権威	9924
当然	9924
に従い	9922
格	9920
MS	9920
治世	9909
上述	9908
表紙	9905
A級	9904
金融	9904
一時期	9894
帝	9891
総裁	9889
自	9885
電動	9882
ぞ	9880
動力	9876
専門学校	9866
任期	9861
脅威	9860
幕末	9857
不能	9855
セーブ	9853
招集	9851
構える	9842
建築家	9829
生い立ち	9829
勉強	9829
商	9827
先生	9825
決して	9825
先立つ	9824
司令部	9820
乗員	9818
俺	9817
つもり	9814
金額	9812
トーク	9811
同月	9805
誘う	9804
京	9804
義	9800
騒動	9796
姫	9790
残留	9788
本格的	9788
河口	9783
壊滅	9780
福島県	9773
表彰	9770
都合	9768
指	9766
世界的	9761
度々	9761
イラク	9761
不安定	9760
大将	9757
芸術家	9754
大西洋	9754
僧	9750
領地	9749
フランス軍	9745
岐阜県	9744
解く	9743
大賞	9743
山口	9742
回答	9737
支配下	9735
語源	9732
交わす	9729
イスラーム	9722
東日本大震災	9721
住宅地	9718
ゆえ	9716
日程	9713
大尉	9713
組み	9710
出版社	9696
北西部	9692
死刑	9692
ルイ	9687
それ以降	9684
余り	9682
必要性	9681
焼く	9679
耐える	9673
ハワイ	9672
タッグ	9671
策定	9667
恵まれる	9666
客車	9664
券	9663
王位	9662
とりわけ	9659
コメディ	9657
中隊	9657
全部	9655
執る	9642
手続き	9639
但し	9635
集会	9627
各社	9626
転用	9621
生育	9619
吉田	9616
キー	9615
在任	9614
そのほか	9608
撃墜	9606
JAPAN	9602
龍	9602
周期	9601
観光客	9600
辞職	9600
ギタリスト	9597
毎回	9588
併合	9584
開局	9583
万石	9580
概ね	9579
広大	9578
町内	9577
日中	9568
警戒	9562
純粋	9558
上級	9551
あの	9550
氷	9545
番手	9545
遭遇	9542
み	9541
山本	9539
録	9538
幾つ	9537
退く	9536
鋼	9534
劉	9531
就航	9525
民衆	9523
数年	9522
液体	9518
固有	9515
阻害	9509
奪取	9505
教	9500
捜索	9499
につき	9495
プロイセン	9494
救助	9493
人達	9487
タイヤ	9484
幼稚園	9481
調達	9480
止まる	9480
活かす	9478
難	9474
京都大学	9471
博す	9470
東方	9467
文庫	9465
海洋	9460
充実	9446
オリジナルアルバム	9446
岸	9446
大いに	9446
△	9446
略	9434
除去	9427
埋める	9425
振興	9417
禁じる	9416
振り	9416
徒歩	9415
後世	9409
カー	9403
下位	9401
発電所	9400
現役時代	9398
時刻	9397
果実	9393
退役	9392
創造	9391
降板	9390
昆虫	9389
本店	9387
定数	9384
頼る	9382
交差	9381
細かい	9381
▲	9378
筆頭	9377
LIVE	9376
早期	9375
失点	9375
菌	9374
梁	9370
米軍	9369
肩	9367
まち	9357
推奨	9356
WBC	9356
マスコミ	9355
伊藤	9355
就役	9354
電源	9342
成り立つ	9337
払う	9336
郵便番号	9332
工	9331
制約	9328
長距離	9328
FM	9326
等しい	9325
流用	9325
北東部	9321
泉	9317
褐色	9317
味方	9316
ラグビー	9314
横断	9309
高橋	9304
身分	9303
模	9303
理想	9301
循環	9300
論じる	9299
雇う	9298
殺人	9293
騎士	9293
中核	9292
こい	9289
内侍	9284
載せる	9278
症	9278
見方	9275
要件	9275
輩出	9271
小学生	9270
篇	9267
フォード	9267
熱心	9264
BEST ALBUM	9260
油	9258
沖縄県	9257
全般	9253
ニューヨーク州	9253
寄与	9237
偵察	9237
山田	9236
パワー	9230
積	9230
一本	9228
艦艇	9228
検証	9226
曲線	9225
会派	9218
看板	9218
人形	9217
二丁目	9216
報告書	9204
見出す	9202
代表取締役	9198
ターミナル	9195
位置づける	9189
兵力	9184
今度	9184
弾薬	9182
後に	9176
WORLD	9174
返す	9174
バランス	9173
陸上競技	9173
混合	9168
欲しい	9167
密度	9166
マネージャー	9158
いち	9158
新作	9155
開	9155
技術者	9153
β	9150
BGM	9149
カール	9148
人種	9140
バトル	9136
併用	9134
DJ	9128
延	9127
分散	9125
東京帝国大学	9119
BS	9113
酸	9112
ナポレオン	9109
庁舎	9108
につ	9096
松本	9095
クーデター	9095
講座	9094
ゴルフ	9092
官位	9091
冠す	9091
信者	9091
バス停	9086
刑務所	9086
ギリシア	9084
脚注	9083
陸上	9083
割り当てる	9079
警告	9073
センチメートル	9073
疑い	9071
知り合う	9070
ライト	9070
重要性	9066
遡る	9065
牧師	9060
緩和	9055
かん	9053
電圧	9052
地中海	9051
閉じる	9051
安	9043
行列	9037
石炭	9035
コントロール	9034
成	9034
並べる	9031
班	9028
金曜	9021
smartphone	9015
戦士	9013
和解	9007
退官	9007
バレエ	9005
映画館	9003
構内	8998
頂点	8998
スペイン語	8997
はるか	8997
拠る	8996
県土	8991
再会	8987
上げ	8986
区画	8984
閲覧	8981
損失	8979
ダブルス	8974
同行	8965
人目	8965
皮膚	8957
町村	8952
影	8951
竜	8950
同地	8949
地上駅	8948
強度	8947
本国	8944
生む	8944
獣	8939
医学部	8935
スキー	8932
満	8928
加速	8926
小林	8926
浮上	8926
銀メダル	8921
疑う	8920
愛す	8918
トレーニング	8917
副会長	8914
出品	8913
原型	8913
統制	8912
勲章	8912
稼働	8911
鹿児島県	8908
ダウン	8907
ツール	8902
振動	8901
銅メダル	8900
流入	8899
貼る	8895
鎮	8895
左派	8894
広島県	8893
条例	8892
親交	8890
チームメイト	8890
冬季	8889
精度	8885
たびたび	8884
木造	8882
オフィス	8882
住所	8875
日時	8871
新潟	8869
高速道路	8866
気付く	8864
恋愛	8863
反撃	8863
講談社	8861
邸	8861
不動産	8859
採択	8858
嫌う	8858
複合	8857
再選	8856
キューバ	8854
出場機会	8852
他社	8851
少佐	8845
ドイツ人	8843
職人	8841
角度	8839
機材	8837
南アフリカ	8834
ジャンプ	8831
鎌倉	8830
下がる	8829
実況	8828
伝達	8826
水中	8826
球場	8824
認知	8822
働き	8820
茎	8818
戦績	8817
やめる	8816
踊る	8815
他人	8812
不詳	8811
把握	8808
下げる	8807
テキサス州	8807
コマ	8806
艇	8805
蔵	8803
日本の政治	8801
司教	8800
決勝戦	8794
切断	8784
概説	8784
責任者	8783
イタリア共和国	8780
メス	8780
尚	8779
あくまで	8778
尽くす	8777
スピード	8776
サイド	8775
完結	8775
享保	8773
上る	8770
陳	8770
被る	8765
メモリ	8763
チェコ	8758
アシスタント	8750
部位	8747
指揮者	8747
パン	8745
師匠	8745
膜	8744
がつ	8744
発売元	8741
宮城県	8734
キャスター	8730
従って	8728
ちゃん	8727
武	8725
討伐	8725
正式名称	8724
け	8724
良好	8721
謝罪	8720
旧制	8719
コラボレーション	8715
サブ	8712
会合	8711
向く	8711
通勤	8705
バー	8703
カ国	8703
奥	8701
定員	8700
撮る	8698
不正	8695
成人	8693
過剰	8692
多用	8692
海域	8687
職務	8684
会談	8684
誕生日	8683
電波	8683
建つ	8680
半島	8679
居る	8677
負ける	8676
クラシック	8672
米ドル	8671
東京都出身	8668
週末	8667
劇場版	8666
憧れる	8665
外見	8663
号車	8663
使者	8661
実力	8660
受験	8659
秀吉	8655
重大	8652
ソウル	8652
緑色	8649
重複	8649
最終回	8645
釈放	8645
鍵	8643
流出	8634
CPU	8634
グリーン	8631
伊	8630
固める	8628
加藤	8628
刀	8628
喪失	8626
こなす	8623
フレーム	8622
法令	8616
人民	8615
州都	8608
撃つ	8603
ソビエト	8603
新幹線	8602
アイデア	8600
中旬	8599
マン	8598
細い	8597
プロデビュー	8596
発する	8595
系譜	8592
遅れ	8590
マレーシア	8589
慶応	8588
逸話	8588
国連	8586
弁	8585
プロモーション	8582
陣営	8576
新宿	8569
適応	8568
出港	8568
無効	8567
幼少期	8564
東宝	8563
IS	8562
ダウンロード	8555
力士	8554
信長	8552
定年	8552
変数	8550
水準	8544
不要	8544
繁栄	8542
極端	8538
サンフランシスコ	8538
絶滅	8537
下る	8534
感謝	8534
配下	8531
再婚	8530
拘束	8529
救出	8528
取れる	8523
統括	8522
仮説	8516
親族	8516
テニス	8515
同校	8514
コマンド	8512
入居	8511
開幕戦	8502
閉店	8500
摂取	8498
皮	8495
注釈	8493
中盤	8491
同級生	8488
カップ	8485
将	8485
はじめる	8484
撃沈	8483
瞬間	8481
無事	8480
氏族	8478
参謀	8478
悪魔	8474
ランクイン	8471
木材	8466
室町時代	8465
ようやく	8462
妨害	8457
もちろん	8450
経つ	8449
ローカル	8446
水素	8444
茨城県	8443
ヴァイオリン	8442
季節	8439
相互作用	8438
安価	8438
実質的	8436
最下位	8436
あまりに	8431
厩舎	8429
家系	8429
他方	8427
いつも	8425
アプローチ	8422
漁業	8420
洪水	8420
世界観	8418
ダイヤ	8415
事業所	8414
匹	8411
オス	8410
台頭	8408
広がり	8408
モンスター	8408
自治	8407
A型	8407
回路	8405
容疑	8404
要約	8401
改札	8401
ナチス	8399
デザイナー	8398
住居表示	8395
編集者	8393
単なる	8392
妊娠	8391
物理	8389
細菌	8384
盛り込む	8383
日本の漫画	8382
コミック	8382
山脈	8382
運命	8380
新型コロナウイルス	8376
極	8369
大公	8368
知名度	8368
霊	8366
擁立	8365
頼む	8362
増強	8359
内蔵	8357
鹿児島	8356
着工	8355
軍勢	8354
被	8352
深める	8352
東南アジア	8349
踏襲	8348
野菜	8346
ブルガリア	8346
茶	8344
単一	8343
行える	8341
士官	8335
巻く	8333
通常盤	8331
私立	8330
休日	8330
南西部	8325
品質	8321
パネル	8316
優位	8312
ドラム	8312
西方	8312
皇后	8311
正規	8309
外務省	8305
焦点	8304
アシスト	8303
芸人	8303
漢	8302
毎月	8300
傷	8299
炭素	8298
郵便	8298
異	8297
再開発	8293
弦	8289
親友	8286
目撃	8284
予約	8283
時計	8282
警察官	8281
伝統的	8281
三重県	8277
USS	8276
牧場	8273
どれ	8265
群馬県	8265
プール	8265
犠牲	8262
柄	8260
オリコン	8260
パーツ	8259
急激	8256
利点	8256
科学者	8256
駐	8256
主として	8254
検索	8254
滝	8252
済み	8248
ドキュメンタリー	8247
品柄	8238
特典	8238
葬儀	8236
プロテスタント	8234
因子	8233
キャッチコピー	8232
理念	8232
党首	8230
初回	8229
総会	8227
審議	8225
最小	8216
投じる	8212
隠居	8208
−	8208
陽	8207
医薬品	8206
殻	8206
踏まえる	8204
人材	8200
丘陵	8199
世界遺産	8197
運河	8194
司法	8193
天井	8177
室内	8172
歴史家	8171
HP	8169
頻度	8168
欠場	8163
満足	8158
背後	8157
競馬場	8157
ボス	8155
ボストン	8153
食料	8144
標的	8143
たつ	8141
芝	8141
上の	8133
ダメージ	8132
物体	8132
天然	8128
クイズ	8128
補佐	8127
噴火	8122
産む	8121
有料	8120
助	8108
コンクール	8102
インターチェンジ	8102
カーブ	8101
ナンバー	8101
土壌	8099
習慣	8099
タクシー	8099
テレビ東京	8099
宗	8099
庁	8098
定理	8095
タンク	8093
中学生	8091
コピー	8091
湯	8088
コンテスト	8085
再放送	8082
バレーボール	8081
進展	8080
ディスク	8078
とくに	8075
着く	8072
文政	8069
岡田	8063
リトアニア	8063
面白い	8059
不定期	8058
Web	8057
切り替える	8052
コア	8049
をもって	8046
日本映画	8042
暦	8036
シンボル	8034
MF	8034
可決	8032
ロシア語	8031
草	8031
赴任	8030
商店	8029
倉庫	8028
建築物	8027
朝鮮半島	8025
人工	8024
銀河	8022
科目	8021
アプリ	8020
太い	8018
斬る	8017
シェア	8016
誤り	8015
家老	8010
中日	8010
寄贈	8010
相違	8009
正体	8008
創業者	8007
声明	8005
セルビア	8005
役職	8004
子爵	8004
冒険	8002
支給	8001
ボクシング	7999
序盤	7993
農家	7988
ともなう	7987
楽	7985
バイパス	7984
とか	7981
リア	7981
コンテナ	7979
種子	7979
胴体	7978
遺構	7977
生える	7975
死体	7973
好評	7970
独	7964
敗	7963
現れ	7962
本当に	7961
記者会見	7960
フロント	7959
TVシリーズ	7958
強いる	7955
平面	7955
美	7953
大阪市	7949
全身	7947
降りる	7945
清水	7943
EU	7935
商店街	7933
ピアニスト	7931
動向	7930
前線	7930
判事	7927
取り込む	7927
大和	7926
まつ	7926
借りる	7925
助言	7923
神殿	7922
セッション	7922
シード	7921
布	7917
敷く	7915
濃い	7915
普段	7912
修士課程	7911
出荷	7911
水平	7911
京都府	7911
初回限定盤	7903
実戦	7902
招聘	7901
多大	7898
福祉	7898
墓所	7898
渋谷	7896
液	7895
皮切り	7895
首長	7893
侵略	7892
教区	7890
衆議院	7885
千葉	7883
ずっと	7879
滅ぼす	7879
アルコール	7877
自動的	7877
道場	7874
公国	7872
リスナー	7871
G	7871
通貨	7870
図書	7869
分離集落	7868
分間	7866
ける	7864
辞退	7861
王妃	7858
討つ	7857
桜	7856
右衛門	7851
調理	7847
劣る	7847
仮定	7844
応える	7841
特色	7841
宋	7841
径	7838
弾く	7837
踏む	7836
荘	7836
無線	7835
捕獲	7833
プロレス	7833
従五位下	7832
訪ねる	7832
安全性	7831
庭	7829
けど	7829
砂	7828
通路	7826
常	7825
収益	7825
浅い	7824
ふる	7824
簡易	7821
二軍	7818
予防	7817
自身初	7816
駐屯	7810
張る	7808
判定負け	7807
はる	7806
任す	7802
助け	7802
親しい	7797
薬物	7796
生存	7796
母体	7795
農場	7789
駅名	7786
書記	7786
幼少	7785
陸地	7783
補強	7777
救済	7777
残存	7772
ムスリム	7772
採掘	7770
揃う	7767
矛盾	7766
年号	7765
火山	7764
路面電車	7763
BEST	7761
月曜日	7758
一時的	7756
本拠	7755
静岡	7755
受け入れ	7752
日本政府	7750
恐怖	7749
情勢	7748
研究会	7748
サウンドトラック	7746
乗り入れる	7746
起訴	7745
学院	7744
叩く	7743
登山	7743
ファッション	7742
団地	7741
パーク	7734
西武	7734
第一次	7733
代々	7732
私生活	7731
リーグ優勝	7728
皇太子	7723
訳す	7718
開戦	7716
合衆国	7716
脇	7715
現職	7714
博士号	7712
闘争	7711
親子	7708
於く	7708
誤解	7707
衆	7707
南東部	7703
認証	7703
緯度	7699
差異	7698
白色	7697
溝	7695
本尊	7693
チャールズ	7691
調節	7690
制服	7686
合戦	7683
直す	7679
工学部	7678
餌	7678
志	7676
ビール	7671
秘書	7671
西暦	7671
傾斜	7670
勾配	7670
誓う	7669
景観	7668
メール	7666
参考文献	7666
真実	7666
鬼	7664
所有者	7656
あう	7656
進歩	7655
一日	7654
徳	7653
苦しむ	7649
女神	7643
東洋	7639
発信	7634
犠牲者	7629
家康	7628
発祥	7628
PlayStation	7625
レンズ	7623
鳥類	7621
支線	7621
作り出す	7616
AT	7613
審判	7613
井上	7612
上空	7609
再興	7608
リー	7607
アルゴリズム	7607
渡辺	7605
同市	7605
小学	7603
進	7601
地面	7600
大衆	7599
封	7594
一気に	7594
キーボード	7594
強める	7593
麓	7593
南朝	7593
登る	7591
近鉄	7590
フィギュアスケート	7585
ミュンヘン	7583
差別	7580
髪	7579
ドライブ	7574
海賊	7572
食用	7571
酸化	7571
呼びかける	7570
かねる	7568
乗組員	7563
評論	7562
行政区画	7561
公的	7559
欠点	7556
マリア	7555
中でも	7554
ランク	7554
撃退	7552
銭	7547
なかなか	7545
そもそも	7545
骨折	7544
異例	7543
農村	7542
灯	7541
日付	7535
チリ	7533
前進	7530
定	7527
空中	7526
日本初	7524
初日	7524
累計	7523
落下	7521
皆	7520
コンクリート	7519
見直し	7515
経済学部	7514
包む	7513
習得	7512
交響	7510
入隊	7509
正月	7509
功	7508
ほる	7504
電化	7503
期限付き移籍	7500
経済学	7497
交戦	7495
制圧	7490
忠	7488
追跡	7486
結果的	7484
いつ	7484
月曜	7481
変更子	7481
航空会社	7481
碑	7479
中佐	7477
舎	7475
日本海軍	7474
IBM	7471
名目	7468
コミュニケーション	7460
執政官	7458
宿	7458
名づける	7456
平行	7456
垂直	7455
広域	7454
違法	7453
個性	7449
税	7449
悪	7448
反論	7440
遊ぶ	7440
鉄道路線	7437
満点	7435
電流	7434
触媒	7431
棒	7429
改訂	7422
プロダクション	7422
馬力	7421
マスター	7420
に当たる	7416
マップ	7411
車庫	7410
立	7408
昼	7407
ゴム	7405
告知	7403
邸宅	7403
有無	7400
協議会	7399
テキスト	7399
みんな	7397
付加	7394
全世界	7384
特異	7382
早朝	7379
最終戦	7379
帯びる	7378
気動車	7375
使	7374
痛事	7371
弱	7361
コロンビア	7358
宇宙船	7357
軽量	7357
写本	7356
鑑賞	7356
ワールド	7356
勢い	7354
加熱	7350
岡山	7350
フィラデルフィア	7348
刑	7347
同時代	7347
キハ	7347
国土交通省	7346
役者	7344
代行	7334
兼務	7334
照明	7333
エレベーター	7329
反射	7326
生前	7326
勧告	7323
ヒーロー	7322
結晶	7321
ペース	7320
野党	7320
樹	7319
所属事務所	7319
データベース	7315
遺産	7314
折	7313
編集長	7312
控える	7311
郵便局	7308
志す	7308
題名	7306
ファミリー	7306
関わり	7303
改築	7294
新田	7292
探索	7292
熊本県	7290
本数	7285
ウィリアム	7283
狩猟	7282
松竹	7282
隊長	7282
がん	7280
喜ぶ	7277
敷地内	7274
軽減	7274
興行収入	7273
ナレーション	7262
オファー	7261
青森県	7261
長編	7259
特有	7259
連ねる	7257
貫く	7255
世界初	7255
お互い	7254
有数	7253
後輩	7252
手前	7247
進軍	7246
急遽	7244
妖怪	7244
免れる	7242
発現	7240
主砲	7240
安い	7239
メニュー	7238
岡山県	7238
二重	7237
うつ	7237
関	7235
指令	7235
支社	7234
怒る	7229
ゾーン	7227
スケジュール	7227
動機	7226
とう	7226
副作用	7225
GI	7224
住人	7221
法学	7219
偉大	7218
児	7218
裁判官	7218
近代化	7213
混同	7213
切れる	7212
ワシントン	7212
たび	7211
ファイナル	7211
掌握	7204
定住	7203
日本一	7198
無くなる	7197
中国人	7195
教え	7193
変異	7190
合唱	7189
すると	7189
係	7186
掘る	7183
先住民	7179
売れる	7179
畑	7178
左投左打	7176
論理	7176
系図	7175
教科書	7175
砲塔	7174
順調	7172
ショップ	7169
宿泊	7169
時に	7166
市域	7166
供用	7166
産地	7166
ほん	7165
ボーイング	7164
北軍	7162
発動	7161
高まり	7158
著作権	7158
RD	7157
μ	7157
開店	7152
よぶ	7150
サーバ	7149
仕掛ける	7148
墜落	7147
交際	7146
自由民主党	7145
台詞	7144
危険性	7143
シティ	7141
素晴らしい	7141
函数	7139
池田	7138
ポスト	7137
世間	7137
連敗	7137
NFL	7137
専属	7135
ニューヨーク市	7135
カトリック教会	7133
WBA	7132
排出	7132
共産主義	7130
都市圏	7130
振り返る	7130
皇族	7128
雌	7128
座る	7126
房	7126
内戦	7122
クロアチア	7122
略奪	7121
ミニ	7114
視聴率	7114
不振	7112
ロケ	7111
斜面	7109
MVP	7109
表題曲	7108
全国大会	7106
異動	7102
虐殺	7102
停車場	7102
ハードウェア	7101
弾圧	7100
奨励	7100
松	7098
塾	7095
曲目	7091
繊維	7091
医	7090
忠実	7089
干渉	7087
藤原	7086
砲兵	7077
貫通	7076
どんな	7074
報酬	7073
刺史	7073
なれる	7072
治	7068
嵐	7067
寛政	7066
栄える	7066
出自	7065
斉	7065
外野手	7063
無関係	7061
自称	7060
出口	7052
パキスタン	7052
基部	7052
遊び	7051
法則	7051
見舞う	7050
総額	7049
引き続く	7049
細長い	7048
貴族院	7048
蓄積	7048
工夫	7046
それほど	7045
載る	7045
連動	7044
工作	7043
辞める	7043
直ちに	7042
告発	7040
公布	7038
月末	7036
武田	7036
クリスマス	7032
実態	7031
老朽化	7029
考察	7024
AV	7024
注文	7021
技師	7015
願う	7014
レンタル	7012
ボート	7011
追求	7008
左翼	7004
号機	7004
ちょうど	7003
卒業生	7000
モジュール	7000
怪獣	7000
両側	6999
福島	6998
徳川家康	6994
捧げる	6994
計測	6993
識別	6990
略す	6983
重傷	6983
消防	6981
他者	6979
敵対	6977
減	6977
不在	6972
OVA	6971
もはや	6970
任せる	6968
反響	6967
授ける	6964
模型	6963
代謝	6962
和平	6962
につれて	6961
攻勢	6961
外交官	6959
秋田	6959
日本海	6958
野生	6957
カレッジ	6955
つなぐ	6954
性的	6954
きれる	6952
リレー	6951
固い	6950
側近	6948
政界	6948
おお	6947
運搬	6947
生没年不詳	6946
冷却	6945
農地	6944
神々	6941
経営者	6937
海底	6936
恐竜	6935
南軍	6933
シンガーソングライター	6931
乏しい	6928
圧縮	6928
心配	6927
今作	6927
太守	6926
水路	6923
司祭	6923
備	6922
洞窟	6921
高い評価	6921
作動	6920
玩具	6920
間違い	6919
アフガニスタン	6918
倒産	6917
無限	6914
体育	6912
全土	6911
盗む	6909
告白	6908
課す	6907
港湾	6907
哲学者	6902
記念碑	6902
鼻	6901
FW	6901
上野	6898
マスク	6895
同局	6893
並びに	6891
陸	6889
決断	6889
下ろす	6887
市販	6886
所管	6884
乗り入れ	6883
欄	6881
稼ぐ	6881
高温	6877
機動	6877
旧姓	6877
審査員	6875
毒	6873
決定的	6871
血液	6870
フェスティバル	6870
イギリス海軍	6869
小学館	6867
首席	6867
三つ	6864
決戦	6863
繋ぐ	6863
WITH	6859
腰	6857
百貨店	6856
産出	6855
恐れ	6853
後日	6852
祖先	6852
必須	6849
金銭	6849
臨床	6848
フランス人	6843
旗本	6841
擁護	6839
数少ない	6836
AV女優	6834
ろ	6833
岩手県	6831
気に入る	6831
駅番号	6830
三丁目	6829
芝居	6824
都市計画	6824
内務省	6823
最適	6823
音楽家	6822
葬る	6820
アート	6820
母音	6820
堀	6818
に際し	6815
据える	6814
名声	6811
ABC	6811
広	6807
直接的	6807
最強	6806
ステップ	6805
チャンス	6804
テレビ局	6801
GT	6801
浸透	6797
FIFA	6797
カテゴリー	6796
籍	6793
最長	6793
蒸気機関車	6793
監修	6792
ボーナス	6790
グレード	6787
赤色	6785
JST	6781
栄養	6781
ハウス	6780
デバイス	6779
ある時	6779
山梨県	6778
いま	6774
一般に	6774
一角	6773
キリスト	6773
ミュージック	6772
イタリア語	6772
主将	6770
BBC	6766
魔	6765
ゲート	6762
家屋	6758
顎	6757
体育館	6757
スキル	6757
掛かる	6755
バス路線	6753
体位	6753
探検	6750
熊本	6750
内外	6741
ハリウッド	6741
全車	6738
徹底	6738
暮らし	6736
上旬	6736
アルバイト	6734
公募	6733
貨車	6731
叙	6729
げ	6728
収穫	6728
下院	6727
ライター	6723
橋梁	6723
スクール	6720
増設	6720
ヘッドコーチ	6717
体内	6715
寮	6714
視察	6714
書簡	6710
円形	6710
蜂起	6710
伊勢	6708
好成績	6707
整える	6703
TD	6702
おおむね	6701
スイッチ	6701
多額	6701
書類	6699
無所属	6690
化合物	6689
国内外	6689
デ	6686
友好	6686
奪還	6684
糸	6684
アラビア語	6680
闇	6680
車輪	6677
正常	6676
パーティー	6676
伝記	6675
読み	6674
用地	6673
NASA	6669
諸説	6668
譜	6666
リズム	6663
スポット	6662
栃木県	6662
重点	6661
DF	6660
改	6660
人口統計	6658
商業施設	6657
ラインナップ	6656
赤字	6655
甘い	6654
安政	6649
国際的	6648
太夫	6645
絞る	6644
事務局	6644
ドメイン	6642
犯す	6642
不十分	6639
音楽院	6637
フロリダ州	6636
平野	6633
広報	6633
旗艦	6633
密接	6632
バリエーション	6631
南北戦争	6628
富山県	6628
エドワード	6624
確か	6623
引き受ける	6622
川崎	6620
本州	6619
突如	6617
模索	6617
尋ねる	6616
色彩	6615
よって	6615
襲名	6615
乱	6613
会見	6613
援軍	6613
ちょう	6612
アナログ	6612
斎	6611
イラストレーター	6611
スクリーン	6607
ポール	6606
自国	6604
ターゲット	6602
燃焼	6601
秦	6598
’	6597
工程	6595
起動	6594
同誌	6594
入植	6593
指標	6588
がち	6587
夏季	6587
曰く	6587
拒絶	6586
コート	6585
消化	6583
東京オリンピック	6583
方程式	6582
マイナー契約	6582
ロード	6580
賞賛	6579
背中	6576
特別番組	6573
トヨタ	6572
移籍後	6571
造船	6565
大統領選挙	6562
大戦	6561
アップ	6558
教団	6554
アイドルグループ	6552
生物学	6552
江戸幕府	6548
プレゼント	6548
軽	6548
決着	6545
集積	6541
侯爵	6540
つながり	6539
戯曲	6538
苦戦	6537
ジャパン	6537
通知	6536
僧侶	6533
ブラウン	6533
KO	6532
ジム	6531
保険	6529
石川	6527
特記	6527
任官	6525
マンション	6522
ピーク	6522
レギュラーシーズン	6521
兵衛	6520
辿る	6519
BY	6519
サークル	6518
基金	6518
長波	6517
地獄	6512
貨幣	6509
広義	6506
やす	6506
鋭い	6506
つけ	6504
窓口	6500
投球	6497
整数	6494
キャプテン	6491
グラフィック	6491
籠	6489
紙幣	6489
ポスター	6488
各々	6488
高価	6487
タイミング	6486
戦時	6482
イエス	6480
趣旨	6479
半径	6477
有権者	6476
嘉永	6475
大気	6474
入会	6473
重力	6473
懲役	6473
滑走路	6472
著	6470
現す	6470
転写	6470
チェーン	6469
祖母	6464
消費者	6464
有限	6463
調教	6459
PR	6458
渓谷	6458
旬	6458
嫡男	6457
新曲	6454
研究科	6451
露出	6448
改定	6448
趙	6448
復讐	6446
生き残る	6445
特番	6445
大聖堂	6444
結婚式	6443
採取	6442
無し	6442
緊張	6441
自衛隊	6441
まれ	6439
天使	6438
土器	6438
具	6437
志願	6436
多少	6435
孤立	6432
スミス	6432
係数	6431
津波	6429
付す	6428
引き上げる	6427
特筆	6426
動詞	6425
CEO	6423
楽しい	6423
ランド	6421
沈む	6420
もらえる	6418
集英社	6418
解明	6417
本物	6417
小屋	6414
癌	6414
馬身	6414
つと	6412
内装	6411
副社長	6411
一行	6410
上限	6409
西ドイツ	6408
国民党	6407
振るう	6405
大敗	6405
山中	6405
上院議員	6399
奈良県	6397
秋田県	6396
種別	6395
ニッポン放送	6395
モーター	6394
抗	6393
サイン	6393
女の子	6393
陣地	6390
踊り	6388
町域	6384
造営	6384
さらなる	6383
挿絵	6382
除外	6382
社内	6382
リメイク	6381
植える	6379
モハ	6377
祝う	6374
高額	6373
不利	6373
元素	6372
完全移籍	6368
競う	6362
文化的	6361
金沢	6360
国際空港	6359
の子	6359
祭神	6357
誰か	6355
学生時代	6352
出入り	6352
PV	6350
保	6350
ペルー	6348
東京府	6347
膨大	6347
意義	6346
警視庁	6344
鉱物	6344
先代	6343
大使館	6343
属性	6341
ロス	6337
会館	6336
プラン	6335
ベルト	6334
虫	6333
郡庁所在地	6331
戦勝	6330
ドラえもん	6330
乗降	6329
テープ	6329
考古学	6329
私たち	6328
年俸	6328
取り扱い	6327
高等	6326
水上	6326
打	6325
亀	6319
乗り出す	6318
アンテナ	6318
対照	6317
IT	6317
ライヴ	6316
出家	6316
補償	6314
正当	6313
半数	6313
をめぐって	6312
単式	6312
ダンサー	6311
見事	6310
信頼性	6309
評論家	6307
寿命	6306
マーケティング	6306
徴収	6305
アナウンス	6305
華	6305
広範囲	6301
一年	6300
寄稿	6300
門下	6300
降下	6297
最速	6296
アピール	6295
抽出	6293
ラン	6292
回す	6292
中尉	6290
チベット	6290
艦船	6289
くい	6288
入場	6286
荷物	6284
奈良	6280
証	6278
マラソン	6275
求めて	6274
暦年	6274
エントリー	6273
回想	6273
見送る	6273
ゲームソフト	6268
アパート	6267
体力	6266
硬い	6264
ランプ	6262
借金	6261
期限	6259
不思議	6258
補	6257
国会議員	6256
冷房	6254
込む	6250
バイエルン	6250
ベクトル	6249
イギリス人	6248
巡洋艦	6244
実務	6243
等級	6242
ドラマー	6241
コーヒー	6239
ジェームズ	6239
辺	6239
書物	6238
国際大会	6237
諸島	6235
中東	6234
JCT	6233
渋滞	6229
自作	6228
他国	6225
活性化	6225
改組	6223
追撃	6223
原稿	6221
好調	6219
日本国外	6219
句	6217
木製	6217
コミューン	6217
定期的	6216
騎	6214
コント	6211
刊	6211
打席	6211
青春	6210
日本シリーズ	6210
ワクチン	6209
GK	6205
久	6199
プロレスラー	6197
費やす	6197
いったん	6197
乗り込む	6196
現金	6196
勝目	6196
ダブル	6195
党員	6195
大切	6195
吹き替え	6195
交付	6194
山口県	6194
秩序	6193
旅館	6189
宅	6187
チケット	6186
プロサッカー選手	6185
閣僚	6179
ケーブル	6176
称賛	6175
雷	6175
少尉	6174
オール	6173
成熟	6171
時代劇	6170
明治維新	6170
隠れる	6166
NPB	6164
家畜	6164
ストレート	6163
そば	6161
心臓	6161
ミラノ	6159
散る	6156
起因	6153
JRA	6153
庫	6152
EDテーマ	6151
削る	6150
対岸	6150
ロシア帝国	6145
暗号	6145
初年度	6144
総数	6144
貧しい	6143
乗り	6142
捕食	6142
破綻	6139
教徒	6139
彗星	6136
欠ける	6134
右手	6133
起工	6133
観る	6133
探る	6132
連合国	6130
塗る	6130
肉体	6127
信用	6127
ふく	6123
礼拝	6123
はつの	6120
純	6119
免除	6118
月刊	6118
特撮	6117
物理学	6116
抽選	6114
寛文	6113
ジョージア	6111
アニメ版	6111
話者	6109
カフェ	6109
始動	6108
パロディ	6108
時には	6107
満州	6106
役立つ	6101
放置	6099
小川	6097
駆使	6096
竹	6096
惹く	6095
能	6094
現役引退	6093
ショッピングセンター	6092
進路	6092
徳島県	6090
老人	6089
短	6088
上場	6088
痛み	6087
遂行	6085
抹消	6085
催す	6084
拳銃	6084
準じる	6083
ステークス	6081
ハート	6080
和名	6079
キリスト教徒	6078
南端	6078
レール	6076
不良	6075
与党	6074
激怒	6072
筋肉	6072
水道	6068
聞こえる	6068
容器	6067
破損	6067
出入口	6066
自由党	6064
だす	6064
募る	6062
難易度	6061
仲介	6060
保全	6059
飛ばす	6058
納める	6058
別々	6057
先祖	6057
裕福	6057
牝馬	6055
芸	6052
崩す	6052
日本側	6052
信	6051
複製	6050
符号	6046
レンタル移籍	6046
マッチ	6044
いたる	6044
推す	6044
聖職者	6043
進水	6041
移設	6040
AA＝	6040
撤回	6039
スパイ	6039
だり	6038
友	6038
演習	6038
最高速度	6034
シニア	6033
お前	6033
膝	6033
生年	6032
田	6031
建造物	6026
スペクトル	6026
TKO勝ち	6025
シュート	6018
兆	6016
またがる	6014
山形県	6014
古巣	6013
封じる	6012
スタジオ・アルバム	6011
視野	6010
患う	6009
選択肢	6009
チップ	6002
ワシントンDC	6001
還元	6000
強豪	6000
退ける	5998
三島	5998
断絶	5997
チェック	5995
財団法人	5995
源流	5994
打ち出す	5993
グラウンド	5993
復旧	5993
造成	5993
北アメリカ	5991
メダリスト	5991
砂糖	5989
乗務員	5989
絵本	5987
青い	5987
人質	5987
樹木	5986
種族	5985
犯行	5983
要す	5981
つて	5981
東アジア	5979
意志	5977
交える	5974
シングルス	5973
日本語版	5972
近接	5969
プラス	5968
視覚	5967
吹く	5965
ベル	5962
世界最大	5960
順番	5958
標識	5958
同性愛	5957
入り口	5957
感じ	5954
届ける	5954
けい	5953
スケール	5953
横浜市	5952
発掘調査	5944
神学	5941
菓子	5941
AKB	5939
見込む	5939
庵	5938
水源	5937
Apple	5936
Pokemon!	5935
国立公園	5934
たくさん	5933
GM	5932
中立	5932
客室	5931
直面	5928
メアリー	5928
ファンタジー	5926
西口	5926
当事者	5925
山岳	5923
慣習	5923
成し遂げる	5922
署	5922
管区	5922
民営化	5921
労働組合	5920
加	5920
ホームページ	5918
親会社	5917
配す	5917
ハード	5917
歓迎	5916
絡む	5915
DC	5912
昼間	5910
願い	5909
ジャック	5909
プレーヤー	5909
行方不明	5908
ソニー	5907
電灯	5907
叫ぶ	5906
弓	5903
フォーマット	5903
下回る	5902
崖	5901
下旬	5900
右翼	5899
組成	5899
想像	5897
チャレンジ	5893
中型	5893
尊敬	5890
ウェールズ	5889
ヘビー級	5888
エリザベス	5887
ホンダ	5886
長期間	5885
諦める	5884
取扱	5883
横綱	5882
フリードリヒ	5880
英文	5878
多岐	5876
ペット	5876
充てる	5875
拡散	5875
植民	5875
測量	5871
煙	5870
合体	5867
暴動	5867
動	5865
称える	5864
支持者	5861
近畿	5861
つき	5861
悲劇	5858
VS	5858
没収	5857
一門	5855
主人	5854
ルーキー	5849
出航	5849
架	5849
役人	5849
木村	5848
強	5846
階層	5846
Me	5845
赤軍	5844
国籍	5844
正義	5844
ステーション	5844
紫	5844
王女	5843
★	5843
宣教師	5842
適合	5842
先述	5841
テナント	5841
靴	5839
誘拐	5839
キング	5838
海戦	5837
左衛門	5834
南米	5834
金融機関	5834
巣	5832
河	5828
ヴェネツィア	5826
飲食店	5824
王立	5821
東海	5820
火星	5820
聖堂	5819
受託	5819
単体	5817
針	5813
毎日放送	5809
一面	5809
遅延	5808
mini album	5808
媒体	5807
運	5806
威力	5805
いし	5804
挨拶	5804
警察署	5804
偽	5804
番組内	5803
逃走	5802
もち	5801
最寄り	5801
初当選	5801
現在地	5801
直轄	5799
槍	5799
プロフィール	5796
持続	5796
管内	5796
出会い	5794
甲子園	5791
上院	5790
疑惑	5790
フェラーリ	5789
高地	5788
集結	5786
悩む	5786
馬場	5784
難民	5784
当社	5783
肖像画	5783
リース	5782
映る	5779
投下	5779
富む	5779
重要文化財	5778
オートバイ	5778
拒む	5777
る	5775
亜種	5775
富士	5775
没後	5774
中山	5774
数回	5770
カリフォルニア	5767
痕跡	5764
石川県	5764
同型	5764
シンプル	5762
志向	5762
破棄	5759
割引	5759
高性能	5757
日活	5757
客員教授	5756
自立	5756
世界各国	5755
遺族	5755
香川県	5753
タイアップ	5753
左岸	5753
少	5752
あらかじめ	5751
低減	5751
戦時中	5750
横須賀	5750
本堂	5749
迎撃	5749
これから	5749
取り除く	5748
手続	5746
大学時代	5746
摂政	5745
徐々	5743
世界各地	5742
依然として	5740
国旗	5738
改宗	5737
水田	5735
順序	5734
本書	5733
ガイド	5731
分泌	5730
休養	5730
別れる	5726
代将	5725
集約	5725
凡そ	5724
心理	5723
テーブル	5721
どこか	5721
有機	5720
豪華	5720
悩ます	5719
CG	5718
日本書紀	5716
造	5716
ユーゴスラビア	5714
保健	5712
ペンシルベニア州	5709
潜	5709
スタンド	5709
検定	5708
につれ	5706
マサチューセッツ州	5706
東口	5705
孔	5704
測る	5703
高速バス	5702
穀物	5702
砂漠	5701
引き取る	5701
文部省	5699
増殖	5698
ヶ所	5696
‐	5696
文久	5696
法廷	5692
サッカークラブ	5692
グラフ	5690
呈す	5689
Google	5688
バルセロナ	5687
B型	5687
追	5687
汚染	5686
東芝	5686
楽しめる	5685
幸せ	5684
庶民	5683
息	5682
陰謀	5682
t	5682
富	5682
平方メートル	5681
盾	5680
WWE	5679
気象	5678
情報番組	5678
被災	5678
以南	5678
釣り	5677
煙突	5677
技術的	5675
Premier League	5675
ドーム	5668
ゲージ	5667
右岸	5667
多彩	5663
コーラス	5661
補う	5661
改題	5657
大分県	5656
道徳	5656
踏切	5655
其の様	5655
片側	5654
ビートルズ	5654
参議院	5649
愛媛県	5647
フィリップ	5645
厚生労働省	5644
魚類	5644
曜日	5644
キット	5643
無人	5640
召集	5638
再発	5636
プレート	5635
写真家	5635
詞	5634
自主	5634
換装	5634
市街	5633
待機	5633
矢	5633
ボランティア	5631
最盛期	5630
木曜日	5630
元来	5630
築城	5629
衛生	5629
野球部	5628
商標	5627
南海	5626
人権	5625
レギュラー出演	5621
フロア	5619
晋	5619
市議会	5617
魏	5616
座標	5616
NEWS	5614
名古屋市	5612
ひく	5611
SNS	5610
更	5609
ジョンソン	5608
熱帯	5607
頭文字	5606
稽古	5605
諸侯	5604
宮崎	5602
虎	5602
架かる	5601
AI	5601
母方	5599
ロッテ	5599
供	5598
用水	5598
信徒	5597
余裕	5597
失脚	5596
手順	5596
海水	5596
反面	5595
混雑	5595
仁	5595
Music	5593
ライフ	5593
点在	5592
硬貨	5592
プロセッサ	5591
遺伝	5591
陵	5591
携帯	5589
免疫	5585
国産	5584
主翼	5584
要員	5583
納入	5583
胞子	5583
ソ連軍	5581
支	5580
ランダム	5580
打ち切る	5579
友達	5579
黄金	5579
国防	5578
帳	5578
無理	5576
技能	5576
ピン	5576
誘致	5575
否	5572
和歌山県	5571
首都圏	5569
異名	5567
鋳造	5567
荒廃	5564
露	5563
作り上げる	5562
陰	5561
申し出る	5560
銀座	5559
袋	5557
出身地	5557
ループ	5557
音響	5556
マイクロソフト	5556
理事会	5555
フェリー	5553
面会	5552
砲弾	5549
民主	5548
大砲	5548
DD	5548
進撃	5548
教官	5547
将棋	5545
滋賀県	5545
表彰台	5544
保障	5542
確信	5540
添える	5539
民主主義	5539
尺	5537
プラスチック	5535
Live	5533
冷戦	5533
ショック	5533
テレビ放送	5531
受容体	5530
づける	5527
春季	5527
占拠	5526
ロバート	5526
を以て	5524
共同体	5524
校区	5524
参	5524
見学	5524
哺乳類	5522
長崎県	5522
不調	5520
型式	5518
有用	5517
ナイト	5516
朝日新聞	5516
灰色	5515
割る	5514
アメリカ陸軍	5512
終焉	5510
中国共産党	5508
正教会	5506
言い渡す	5504
放射	5503
屋外	5503
レスリング	5501
コール	5500
音楽活動	5499
後援	5499
か所	5498
互い	5497
蒸気	5497
合	5496
習う	5496
擁する	5496
位置づけ	5496
十両	5495
歌舞伎	5494
厳格	5494
食材	5491
愛知	5489
引き渡す	5489
イスラム	5487
マイク	5485
転落	5484
ブルー	5484
化す	5483
日本共産党	5482
双子	5482
科学技術	5481
国々	5481
毒性	5481
出	5481
香り	5476
食糧	5475
専任	5474
O型	5471
苦労	5471
明記	5470
住職	5470
人体	5470
峰	5469
韓	5468
幼虫	5468
慎重	5467
受容	5466
奉行	5465
融資	5465
バージニア州	5463
普通列車	5462
有限会社	5461
はじめて	5460
フォワード	5459
本質	5458
革新	5457
ミッドフィールダー	5455
魔女	5455
ニックネーム	5454
国土	5453
名門	5453
一説	5453
ヲ	5450
題	5450
オブジェクト	5450
重臣	5449
てつ	5449
ユニフォーム	5448
思考	5447
台地	5447
コンパクト	5440
洞	5438
グッズ	5436
光学	5436
処置	5435
月下	5434
大都市	5431
Linux	5431
みな	5429
エンジニア	5429
バイク	5429
使節	5428
浮かぶ	5427
AM	5427
准教授	5427
ショート	5426
要	5426
善	5426
下部組織	5425
レーザー	5424
潜水	5424
マス	5423
民放	5422
うい	5419
いかなる	5417
ポップ	5413
サイクル	5410
太郎	5408
総務	5408
急増	5407
期間限定	5407
優勢	5406
乗用車	5405
変	5404
勝手	5404
高架	5404
郡内	5402
突撃	5402
心理学	5399
療養	5396
収束	5395
大学生	5395
落ち着く	5395
バッテリー	5394
尊	5392
射殺	5392
移り住む	5391
落語	5391
日露戦争	5390
幕下	5390
福井県	5389
遺物	5389
脱	5389
You	5388
体長	5387
連邦政府	5385
前田	5385
連装	5385
ディスプレイ	5385
平坦	5383
被告人	5383
激化	5382
がたい	5382
不可欠	5382
代役	5381
左手	5380
アーケード	5380
快速	5379
社殿	5378
高齢者	5376
分断	5376
内閣総理大臣	5376
GUNDAM	5376
曖昧	5374
でん	5373
化合	5370
芸能	5369
置換	5366
掴む	5365
宗教的	5364
中島	5364
応答	5362
一般社団法人	5361
式典	5360
突起	5360
着任	5359
参議院議員	5358
日本の漫画家	5354
格納	5354
特権	5353
宇都宮	5353
病死	5352
大事	5351
広める	5351
ブラック	5347
世話	5345
祝日	5343
過激	5343
HD	5343
しっかり	5341
対話	5338
軍艦	5338
セキュリティ	5337
ナポリ	5336
予告	5334
根本	5332
徹底的	5332
LED	5331
初出	5330
王座決定戦	5330
出展	5329
結びつく	5328
蹴る	5328
無人駅	5328
末端	5326
射程	5325
mi	5325
名詞	5324
地盤	5324
欧州連合	5322
国体	5321
飛	5320
あいだ	5320
立案	5319
調べ	5319
こむ	5318
亭	5318
戦果	5317
地上波	5317
やって来る	5315
展覧会	5315
淡い	5314
曹操	5313
ニュー	5312
実証	5311
シフト	5311
崩御	5309
操る	5308
司	5308
人として	5307
盆地	5307
替える	5305
ワールドシリーズ	5305
長時間	5301
追悼	5301
実体	5296
セリエA	5296
非公式	5294
宣告	5293
ギャラリー	5292
娯楽	5291
本館	5291
直結	5291
部員	5290
リバウンド	5290
堆積	5288
自分自身	5286
降水量	5286
メカニズム	5285
天文台	5283
吹替え	5283
売買	5281
試合後	5277
南北朝時代	5276
船長	5276
ストリート	5276
貞	5272
前部	5272
書店	5271
負荷	5269
中学年	5269
月後れ	5268
東北地方	5267
CS	5266
自信	5265
展望	5265
コラム	5265
ソ	5264
イスラム教	5264
じょう	5263
子女	5258
フランク	5256
答え	5255
長野	5255
侍	5254
ソフトバンク	5253
没年	5252
鐘	5252
会計	5251
動態	5251
改変	5251
基調	5250
開発者	5249
親王	5248
消失	5246
負	5246
筆	5246
収まる	5238
バラ	5235
迅速	5235
きゅう	5234
造船所	5234
モロッコ	5233
南下	5231
城壁	5231
アップデート	5231
琉球	5231
比例	5231
排水	5231
奉納	5230
上方	5229
コンピューター	5227
キエフ	5226
綴る	5226
でる	5225
蔵書	5225
泥	5224
立法	5224
尊重	5223
東京市	5223
岬	5221
腹部	5220
ヒル	5220
擁す	5219
涙。	5218
ベンチ	5218
アラブ	5217
刺す	5216
旋回	5215
マウス	5213
社会党	5212
地表	5212
炉	5212
王家	5211
注	5211
解答	5211
望ましい	5210
シドニー	5209
ラスト	5209
不可	5209
後続	5208
交互	5208
北上	5206
みせる	5203
デビュー作	5197
参謀長	5196
派閥	5195
ハーバード大学	5193
しま	5191
介	5190
ポート	5190
登記	5189
食べ物	5188
立体	5186
知らせる	5184
最高裁判所	5184
意味合い	5183
治める	5181
眠る	5181
郭	5178
皇子	5178
凍結	5176
巡回	5176
のぼる	5175
青色	5174
きわめて	5173
別れ	5172
治安	5172
MA	5172
エチオピア	5171
勲	5169
院長	5169
封印	5168
ブルース	5167
甲斐	5166
たけ	5165
王族	5164
高知県	5164
ゆう	5162
かく	5162
織る	5162
とある	5161
水泳	5161
分化	5161
IV	5161
キャラクターデザイン	5160
本戦	5155
居城	5154
平等	5154
蓋	5154
代表者	5153
一新	5150
歌人	5150
丸い	5149
ボックス	5148
剥奪	5148
肯定	5147
L・A	5147
未明	5146
急死	5143
薬剤	5143
医者	5141
寄進	5141
ナチス・ドイツ	5141
さらす	5140
音楽番組	5140
故	5139
参画	5138
狭義	5138
阪急	5138
社会人	5138
激減	5137
有る	5135
退却	5134
ルーツ	5133
防災	5133
豊臣秀吉	5132
想い	5132
オハイオ州	5131
英語圏	5131
デッキ	5129
控え	5129
未だ	5125
阿る	5124
フォーク	5120
ライダー	5119
調教師	5115
望遠鏡	5115
進入	5113
調子	5113
途絶える	5111
芸能人	5111
休刊	5109
くださる	5108
射る	5108
賛同	5108
日産	5108
ヘッド	5106
スターリン	5105
京都市	5105
づくり	5104
教諭	5104
送り込む	5102
きる	5100
銃撃	5100
引き分け	5100
マイナー	5100
リアル	5100
インターナショナル	5098
乗車券	5096
託す	5096
郡区	5095
賜る	5094
西欧	5094
王室	5094
背面	5094
文法	5093
打ち込む	5093
県都	5092
織田信長	5091
館長	5090
商船	5090
転身	5089
調印	5089
郡域	5089
探偵	5086
豊	5082
泣く	5081
読書	5081
メインキャラクター	5079
正室	5078
マドリード	5076
単発	5075
桂	5074
ないし	5070
素手	5068
役目	5068
佐々木	5068
得	5067
官職	5067
婚姻	5067
慶應義塾大学	5066
準拠	5065
左側	5065
年中	5062
天文学者	5061
堤防	5060
血管	5059
坊	5058
一次	5057
別荘	5057
航	5057
足りる	5056
知人	5056
アン	5055
生体	5054
洗礼	5054
明治大学	5052
深さ	5050
右側	5049
宰相	5048
修	5046
麻薬	5046
太	5046
木曜	5046
機銃	5045
地主	5044
ヵ月	5044
転	5043
鎮座	5043
爆撃機	5040
伝道	5039
メロディ	5039
収蔵	5037
かむ	5036
新羅	5036
告示	5036
水分	5035
Jr	5035
イニング	5035
テロ	5035
肺	5035
中野	5034
揃える	5034
元帥	5034
却下	5033
au	5033
背負う	5032
続	5032
ゲスト出演	5031
時折	5029
事務局長	5029
旋律	5029
本当	5029
工房	5029
留学生	5029
家出	5027
器具	5027
ホワイト	5026
名所	5026
呼吸	5024
常設	5024
連なる	5024
文芸	5021
内陸	5021
山崎	5020
分家	5018
芸能界	5016
多発	5015
教鞭	5015
系列局	5011
礼	5010
財務	5010
混在	5010
奇妙	5010
対峙	5008
大勢	5008
ブロードウェイ	5008
水深	5006
朱	5006
補充	5005
イリノイ州	5004
療法	5003
位相	5003
素	5003
密か	5002
婚約	5000
にまつわる	4999
橋本	4998
領内	4994
交通量	4993
ラリー	4992
しゅう	4991
くん	4991
もん	4989
江	4987
速	4986
帰郷	4983
トム	4982
発令	4982
互換性	4981
FF	4981
任天堂	4981
バイト	4980
嫁ぐ	4980
か国	4979
改札口	4978
リチャード	4977
貧困	4974
中頃	4974
ノート	4974
炭鉱	4973
楽譜	4970
見込み	4970
遂に	4969
サンクトペテルブルク	4965
歩む	4965
パラメータ	4965
提督	4964
舗装	4963
ヒット曲	4963
低位	4962
最高裁	4962
エッセイ	4962
自伝	4961
転居	4961
受賞者	4961
ライブラリ	4957
混ぜる	4956
MHz	4955
有志	4955
安定性	4953
MG	4953
全集	4952
国語	4951
波長	4950
子音	4950
嘘	4949
たとえ	4948
大破	4946
採集	4946
逝去	4946
低地	4945
封鎖	4944
ライオン	4944
山号	4942
奈良時代	4942
祭祀	4942
キロメートル	4941
高山	4941
ディフェンダー	4939
獲物	4938
フジテレビ系列	4938
除籍	4937
送り出す	4937
服装	4936
セル	4934
よし	4934
両端	4934
巡礼	4934
道中	4933
函館	4933
ホスト	4933
感動	4932
渡米	4931
次期	4931
漫画作品	4930
三菱	4930
最悪	4929
遮断	4928
骨格	4928
入部	4925
家具	4924
わたる	4923
ボルト	4923
メリット	4923
強盗	4923
研究開発	4920
宝石	4919
西端	4919
本家	4919
無償	4918
代打	4918
お金	4917
創設者	4915
着ける	4915
怪物	4915
済	4914
臣	4912
予言	4910
事象	4908
いくつ	4906
貨物列車	4906
アカデミー賞	4905
ひと	4902
さくら	4901
天才	4899
入党	4897
離陸	4896
以北	4895
ルマン	4895
書き下ろす	4892
年初	4889
引き出す	4888
町長	4888
東端	4887
タウン	4887
接収	4886
ひがし	4886
持	4885
封入	4885
流派	4885
学士	4885
ニュージャージー州	4884
プラハ	4884
永遠	4883
予備役	4883
栄	4881
報	4880
吉	4877
あえて	4876
令和	4875
ラップ	4874
適当	4874
群れ	4874
加算	4874
報復	4873
苦手	4872
法政大学	4872
破産	4870
帽子	4870
いた事	4867
NATO	4867
明示	4866
サンプル	4865
元老院	4864
LOVE	4863
近辺	4863
民法	4863
用法	4862
排気	4861
最期	4860
タバコ	4860
満ちる	4859
碑文	4857
寸前	4856
飼う	4855
又	4855
十字軍	4855
管制	4854
酒造	4851
演	4849
フレーズ	4848
さい	4847
喧嘩	4845
平地	4845
RPG	4844
センサー	4843
賃金	4842
最大級	4842
北端	4842
本部長	4842
倶楽部	4840
騒音	4840
債務	4840
小倉	4839
どおり	4837
何とか	4836
司馬	4836
提言	4836
台本	4835
マネジメント	4834
原子力	4833
侵害	4832
頂	4831
出かける	4831
テキサス	4831
警官	4830
通報	4829
造り	4829
海峡	4828
ノット	4828
競輪	4828
辞す	4827
過	4827
人格	4827
紅	4827
和歌	4827
水面	4825
位置付ける	4823
付随	4820
学校法人	4818
意欲	4817
預ける	4817
デビュー戦	4816
圧倒	4815
挑戦者	4814
衛	4814
ストレス	4810
架ける	4808
本文	4808
飛び出す	4807
ロング	4806
教義	4806
問題点	4806
線形	4804
バラエティ	4804
人名	4803
レコード会社	4802
日本全国	4802
寝る	4802
野外	4801
KO勝ち	4801
食堂	4798
頭取	4796
体調	4795
インターネット上	4794
レイ	4793
施策	4792
歯元	4792
出場権	4791
高句麗	4790
筒	4788
ベネズエラ	4788
周辺地域	4787
ドクター	4787
総長	4784
打診	4783
委ねる	4782
ハンブルク	4782
パレスチナ	4782
水曜日	4781
翌シーズン	4781
ディズニー	4780
停車駅	4779
バルブ	4779
優勝者	4778
周回	4777
工芸	4776
静か	4776
おかげ	4776
ゆっくり	4775
季	4775
知れる	4774
性別	4773
サポータ	4773
カタログ	4772
まつり	4771
間違う	4771
移送	4770
平定	4770
知	4769
ペンネーム	4769
ビーム	4767
間に合う	4766
BES	4766
刃	4765
ローマ帝国	4765
殺人事件	4763
まさに	4762
喜び	4762
頁	4761
積分	4761
評議員	4761
原作者	4759
SC	4758
休暇	4758
環状	4758
辺り	4757
カルタゴ	4757
文部科学省	4757
坪	4755
過半数	4755
優しい	4755
済む	4754
同梱	4752
長い間	4752
大地	4752
原案	4751
醸造	4750
資材	4750
戦中	4749
RNA	4748
脱落	4748
妨げる	4747
ジャクソン	4747
安置	4746
我	4743
リン	4743
にし	4742
断片	4740
インストール	4739
親衛隊	4739
迂回	4737
罰金	4736
著名人	4735
給与	4734
村上	4732
元気	4731
リリーフ	4730
廃業	4729
集計	4729
ユダヤ	4729
表情	4728
在職	4728
近似	4727
全国的	4727
対空	4727
工業大学	4727
透明	4726
殴る	4726
献上	4724
閉館	4724
パック	4722
衣服	4722
手伝う	4722
軍事的	4720
一見	4718
山下	4718
オレンジ	4717
枠組み	4716
出陣	4716
新造	4715
富山	4715
築造	4715
幻	4715
下院議員	4715
問	4714
ついで	4713
鰭	4713
直営	4713
朝鮮戦争	4712
ロシア人	4710
反転	4709
思い出す	4708
勧め	4707
血統	4705
北口	4702
マニラ	4700
ラジオ局	4699
拳	4698
大関	4698
ベテラン	4697
みち	4695
上田	4695
サーバー	4692
浸水	4692
都市部	4691
舞	4691
エストニア	4690
札	4690
柔らかい	4690
しめる	4689
専門店	4688
豪族	4688
算出	4687
父子	4686
火曜日	4685
替わる	4684
蘭	4683
入選	4680
チャンピオンシップ	4680
録画	4680
駐留	4679
ガソリン	4678
ブドウ	4676
関東地方	4675
数学者	4675
山城	4674
缶	4673
落成	4672
母国	4672
婿	4671
飾り	4670
高麗	4670
生産量	4670
教養	4669
短期	4665
無失点	4664
わたし	4664
婦人	4664
収納	4664
直列	4664
チェコスロバキア	4663
所要時間	4663
次女	4660
発案	4659
笑う	4658
三角形	4658
マリ	4656
宮崎県	4656
順に	4655
持ち主	4655
観戦	4654
開山	4654
頂上	4654
ストップ	4654
アルファベット	4653
映像作品	4653
転属	4653
幹線	4652
ゴールド	4651
模倣	4650
有人	4650
石井	4649
演出家	4649
投獄	4648
着目	4648
氷河	4645
元和	4643
グローバル	4643
ボイラー	4642
研究員	4642
オルガン	4641
アミノ酸	4641
掘削	4641
ラテン文字	4641
信濃	4641
大坂	4640
カ月	4639
南京	4638
ターボ	4636
末裔	4635
昭和初期	4635
研究室	4634
主権	4634
執り行う	4633
被告	4630
収容所	4629
旧来	4628
ユーザ	4627
義務付ける	4626
打数	4626
中枢	4625
町立	4625
狙い	4624
強まる	4623
水戸	4623
東大	4623
謳う	4620
経費	4620
体操	4619
反する	4618
続行	4618
並	4618
高原	4618
莫大	4617
秋季	4616
肌	4615
株主	4615
リクエスト	4614
ミリ	4613
突く	4611
セリフ	4611
駆けつける	4610
囲碁	4609
とつ	4608
演算	4608
浅草	4607
対談	4607
宗家	4607
転送	4606
課税	4606
ケルン	4606
迫害	4605
空手	4605
ガン	4604
スピン	4603
日本国有鉄道	4602
TBS系列	4601
アリ	4600
実に	4599
レッド	4599
アイスランド	4599
探査	4597
歩道	4596
OPテーマ	4595
プロトコル	4595
仮面ライダー	4594
奉る	4590
グループリーグ	4590
呼び出す	4590
鳥取県	4590
ヤクルト	4590
塊	4589
勝者	4587
山麓	4586
ン	4586
攻め	4585
基質	4585
公卿	4584
フロリダ	4584
拷問	4583
遊撃手	4582
ゲイ	4582
物理的	4580
倣う	4580
進言	4580
固体	4579
蛇	4579
役所	4578
モノ	4578
羅	4578
処罰	4577
次第	4577
主電動機	4576
過度	4575
いとう	4574
鉄道駅	4574
太陽系	4573
大分	4571
ドン	4570
出向	4568
VTR	4568
留める	4567
断面	4566
写像	4566
過酷	4565
上手い	4564
楊	4561
サスペンション	4561
ターン	4561
万年	4560
パレード	4559
廃棄	4559
ドラゴン	4559
発想	4559
島根県	4558
Re:mix	4558
親戚	4556
商号	4556
半導体	4555
防空	4555
ノード	4555
ルーム	4554
充分	4553
最高峰	4552
アルメニア	4552
ウィリアムズ	4552
産卵	4552
意匠	4552
放射線	4551
公家	4551
取り出す	4550
文脈	4549
一橋大学	4549
メンテナンス	4548
子役	4548
運輸	4546
隷下	4546
映画祭	4545
ロシア連邦	4543
生誕	4542
地質	4542
銘	4540
詩集	4539
名簿	4538
何人	4538
朝鮮民主主義人民共和国	4537
分校	4537
老	4537
体格	4535
部活動	4535
土木	4535
製法	4534
受注	4533
新築	4532
構造物	4531
レポート	4531
ベーシスト	4529
墳丘	4529
指数	4529
リアルタイム	4528
LP	4528
大別	4527
斎藤	4527
腫瘍	4525
ひどい	4524
ソース	4524
止め	4523
母校	4523
代官	4523
DES	4523
仕方	4522
〒	4522
穏やか	4521
反す	4519
共著	4519
包括	4519
小島	4517
ギリシャ語	4517
墳	4516
大正時代	4515
開花	4514
緩やか	4514
日中戦争	4514
爪	4514
整う	4513
青少年	4513
名人	4513
に当たって	4510
初ゴール	4509
幼児	4507
あくまでも	4506
番付	4505
附	4505
津	4504
抗体	4502
ギリシア語	4502
英語版	4502
黒色	4502
フリーアナウンサー	4501
追い出す	4500
楽天	4500
遺す	4498
オールスター	4498
延びる	4497
日野	4497
斜め	4496
こんな	4494
総合格闘技	4493
親善試合	4492
構え	4491
係る	4491
克服	4490
EP	4490
朗読	4487
との	4486
山形	4485
絶賛	4485
ヶ国	4485
機動部隊	4484
死傷	4483
燐酸	4483
支障	4482
暴行	4482
佐賀県	4478
では	4478
サーキット	4478
ゴジラ	4477
取り壊す	4475
吊る	4473
観光地	4471
下表	4471
棄権	4469
投票率	4468
袖	4468
シャルル	4466
近衛	4465
アトラクション	4465
往来	4465
回り	4465
分配	4464
オリックス	4462
中川	4462
寄生	4460
好意	4460
精神的	4459
公転	4459
年金	4458
次世代	4456
配分	4455
オールスターゲーム	4454
頼朝	4453
乙	4452
俳句	4452
発刊	4451
調和	4451
サロン	4451
浜	4451
アクセント	4450
承諾	4447
にかけ	4445
伸び	4445
ポンプ	4445
隔てる	4443
この街	4443
故に	4443
安土桃山時代	4442
太鼓	4442
各所	4442
決勝進出	4441
経度	4440
帰投	4440
飛躍	4439
真相	4439
朝日放送	4439
零	4438
うける	4437
宅地	4437
撤廃	4436
ぐらい	4436
広範	4435
猛	4435
名残	4435
アリーナ	4434
いかに	4433
日本国憲法	4433
●	4433
匹敵	4432
TOKYO	4431
定か	4430
プライベート	4430
即座	4429
良	4428
レッスン	4427
交点	4427
実権	4427
帰属	4426
参議院議員通常選挙	4426
いろいろ	4426
理	4426
栄誉	4424
極東	4424
決め手	4423
野村	4423
万部	4423
生存者	4422
領有	4421
爆破	4421
通訳	4420
ピット	4420
東北大学	4418
情熱	4416
汲む	4416
リタイア	4416
常時	4415
尖る	4413
繋がり	4411
聖人	4409
東ドイツ	4409
南口	4408
インフラ	4407
非常勤講師	4407
筑波大学	4406
四方	4406
打ち切り	4405
処	4405
太田	4405
入所	4404
慢性	4402
祈り	4402
追い詰める	4402
伴奏	4399
地方自治体	4399
拾う	4399
幼名	4398
B面	4398
胴	4398
に当たり	4396
次長	4396
彼自身	4395
持ち帰る	4395
ユネスコ	4395
備考	4394
門人	4393
ICカード	4393
小隊	4393
GHQ	4392
りょう	4391
原始	4391
片方	4391
許容	4390
遺言	4390
マンガ	4389
 競技会	4388
取り	4388
昌	4387
叙任	4386
梅	4386
きょく	4386
It	4386
素早い	4385
ダウンタウン	4385
困る	4385
一等	4384
羊	4383
シミュレーション	4383
棘	4382
内野手	4381
楕円形	4380
天明	4380
ピッチ	4379
田村	4379
公務員	4378
隙	4376
友情	4376
テーマ曲	4376
史実	4374
アカウント	4374
立ち	4373
近藤	4372
機関銃	4372
奇跡	4369
ふさわしい	4368
全国各地	4366
関節	4366
納得	4365
ハインリヒ	4364
たどる	4361
カラオケ	4361
外相	4361
ISO	4360
タワー	4360
公明党	4357
励む	4356
ざわ	4356
党内	4355
溢れる	4355
囚人	4355
フルート	4353
パイプ	4352
理学部	4350
カンボジア	4350
敬意	4348
選帝侯	4347
支所	4346
ミャンマー	4346
看護	4346
太子	4346
高齢	4343
北京オリンピック	4343
駐在	4343
植物学	4341
積載	4341
早々	4341
叙する	4340
音楽性	4340
東ローマ帝国	4338
インディーズ	4338
乗	4338
壊す	4338
感染症	4336
愛人	4336
薩摩	4336
屈指	4334
年上	4334
仮に	4333
収監	4332
景	4332
傑作	4331
関東大震災	4330
低温	4329
寸法	4329
局所	4328
地理的	4328
検事	4328
痛める	4326
開閉	4324
幹	4323
サウジアラビア	4321
リンカーン	4319
駆る	4318
世襲	4317
さく	4316
批准	4316
両社	4315
探知	4314
西岸	4313
大橋	4313
直流	4312
狩り	4310
所得	4310
装填	4309
一因	4308
ディーゼルエンジン	4308
小銃	4307
作物	4307
ET	4307
出せる	4306
評議会	4304
台北	4304
ハミルトン	4304
枚数	4304
無名	4303
巧み	4302
ベトナム戦争	4302
脂肪	4302
列挙	4300
極める	4299
ゆかり	4299
――	4299
鄭	4299
パーティ	4298
居	4296
敢行	4296
まるで	4295
造形	4295
知らす	4294
薩摩藩	4294
霧	4292
シベリア	4290
書記官	4288
内定	4287
モニター	4285
OL	4285
近海	4285
宝塚歌劇団	4283
カテゴリ	4283
くに	4283
おう	4282
松山	4282
双	4280
肖像	4280
補完	4279
ベストセラー	4279
通用	4278
市制	4278
得票	4277
カリフォルニア大学	4277
セールス	4276
平方キロメートル	4276
松平	4276
バンコク	4276
大阪府出身	4275
窒素	4275
反省	4274
日本ハム	4274
物件	4273
普通科	4273
NET	4272
三浦	4272
切り替え	4272
上洛	4272
ダイヤモンド	4271
格闘技	4271
抽象	4270
海岸線	4270
ドラマCD	4270
買い取る	4269
演奏会	4268
思い出	4268
動物園	4268
ギャグ	4267
兵庫	4266
支出	4266
思える	4264
外伝	4264
治水	4264
武蔵	4263
ストライキ	4262
ハイ	4262
天文学	4262
二酸化炭素	4261
湿地	4261
同人	4261
裏切る	4261
将兵	4261
アニメ化	4260
講習	4259
伯父	4259
四つ	4258
絶つ	4258
音楽祭	4256
准将	4255
財	4255
召喚	4254
みたい	4253
行き来	4253
読売ジャイアンツ	4253
奇襲	4253
公使	4252
担当者	4251
海上自衛隊	4251
パンチ	4251
シアター	4250
OB	4249
提起	4249
対照的	4247
清朝	4247
武力	4246
JA	4246
フィレンツェ	4246
汗	4245
城下	4242
ボード	4242
幹事	4242
叶う	4242
大宮	4241
劇的	4241
入省	4240
判	4240
アドバイザ	4239
部分的	4239
ロシア軍	4239
概略	4237
旧暦	4237
語彙	4236
アドレス	4236
香	4234
付着	4233
マイケル	4233
昭和天皇	4232
北魏	4232
儲ける	4231
調停	4229
曲がる	4229
タッチ	4229
共用	4228
電気機関車	4228
高木	4228
絶望	4227
抜け出す	4226
四丁目	4226
大差	4225
脱走	4225
ケンタッキー州	4225
見た目	4224
富士山	4223
後進	4222
エルサレム	4221
ビルマ	4220
同居	4219
艦橋	4218
天候	4218
一層	4217
落語家	4217
回線	4217
阪神タイガース	4216
信念	4214
佐	4214
世論	4212
てん	4212
疎開	4211
ナイフ	4211
機雷	4210
スコット	4210
日本テレビ系列	4209
原子炉	4209
もっぱら	4207
同点	4207
ガイドライン	4207
発酵	4206
ワン	4205
器官	4205
容姿	4204
関連会社	4204
詠む	4204
岩石	4203
磁場	4203
先進	4202
仲間達	4201
〇	4201
スローガン	4200
豚	4200
窯	4199
地価	4198
スタンダード	4198
援護	4196
編制	4196
東京駅	4196
創始者	4194
中央アジア	4194
停滞	4194
ますます	4194
やり方	4194
追及	4194
荘園	4194
名物	4192
そういう	4192
ジョージア州	4192
日本国	4192
和田	4192
ミラー	4191
犬種	4190
越後	4189
正解	4189
センチ	4187
燃える	4185
アドバイス	4185
インド洋	4185
倫理	4185
特例	4184
およぶ	4183
対局	4183
アルミニウム	4183
尾根	4182
あてる	4182
従兄弟	4182
年回り	4182
プレミアム	4182
アダルトゲーム	4178
カウント	4176
儀礼	4175
東日本旅客鉄道	4175
自由契約	4174
アーキテクチャ	4174
見直す	4173
スーパーマーケット	4173
ゆき	4171
開港	4171
プレミア	4170
汎用	4169
引き換え	4169
輔	4169
近所	4169
排気量	4169
埋め込む	4168
水曜	4168
中央競馬	4166
YOU	4165
保守党	4163
効力	4163
岐阜	4163
なくす	4162
モーツァルト	4161
代理人	4159
演目	4158
軍司令官	4158
社会学	4157
ジョーンズ	4157
陸上自衛隊	4157
アムステルダム	4156
軍用	4155
ローン	4155
造語	4154
エーカー	4154
医療機関	4153
すごい	4152
New	4151
慶	4151
同書	4149
自己最高	4149
代数	4146
サブタイトル	4146
石碑	4146
ピンク	4145
い	4144
後漢	4144
ルネサンス	4142
気体	4142
入れ替わる	4141
ふじ	4141
玄	4141
＝LOVE	4140
瓦	4140
後藤	4139
木星	4139
ソング	4139
特別賞	4138
乗り換え	4137
追いかける	4137
誘い	4137
Android	4136
屋上	4136
漁	4136
亡くす	4135
庶民院	4135
送電	4135
レバー	4135
見通し	4135
粉	4133
ラテン	4133
中学時代	4132
役場	4130
強大	4129
不具合	4129
レシピ	4129
ダイエー	4128
宛	4127
織田	4126
プログラミング	4126
審	4124
祈る	4121
上司	4121
暴走	4120
青山	4120
徳島	4120
アメリカ合衆国国勢調査局	4119
全編	4118
核兵器	4118
とらえる	4117
古代ローマ	4117
ミックス	4117
無罪	4117
断層	4117
与る	4116
国際連合	4115
ファースト	4115
微生物	4114
民間人	4113
日本大学	4111
地方競馬	4110
井戸	4110
加賀	4110
同県	4109
欧州選手権	4109
途上	4108
点数	4104
棄却	4104
レスラー	4103
神戸市	4103
同定	4102
ID	4102
傾く	4101
不祥事	4101
起	4099
火力	4099
天下	4099
庇護	4099
分かれ	4099
徴兵	4098
玄関	4098
フランクフルト	4097
接合	4097
エージェント	4097
ストローク	4097
カップリング曲	4096
便利	4096
古来	4095
テクノロジー	4094
ナイター	4093
毛利	4093
ヒント	4093
一般人	4092
越	4092
使い	4091
年下	4091
脅かす	4091
武蔵国	4091
一派	4090
出動	4090
寿	4090
都内	4089
キャンセル	4089
出題	4089
ES	4089
貯蔵	4088
鳴らす	4088
切り離す	4086
紀	4086
ダブリン	4083
荒川	4083
発端	4082
ベッド	4082
教育機関	4082
利便性	4081
晩	4081
WBO	4081
フォーラム	4080
待遇	4080
アイヌ	4080
新人賞	4078
ローズ	4078
保安	4077
筐体	4077
強烈	4074
換算	4074
ジェット	4074
岳	4073
師範	4073
国政	4072
福田	4071
炎症	4070
高松	4070
崇拝	4070
禅	4070
幾何学	4070
鑑定	4070
職場	4070
交通事故	4068
宗派	4068
対比	4068
加盟国	4067
主たる	4065
海面	4065
給	4065
一大	4062
北陸	4062
構成員	4059
リングネーム	4058
全盛期	4058
内包	4058
舌	4058
尚書	4058
興	4057
製作所	4057
ベートーヴェン	4056
げん	4056
ムービー	4055
宝塚	4055
講和	4055
公判	4054
方向性	4051
民謡	4050
城下町	4050
バージニア	4050
熊	4049
セガ	4049
退学	4048
阿部	4048
出張	4047
切手	4045
訴え	4044
傭兵	4043
外務大臣	4042
洗練	4042
Facebook	4042
サンディエゴ	4042
リポータ	4042
政務	4042
発車	4040
強固	4039
ネコ	4039
David	4038
新聞社	4038
百済	4038
椅子	4037
同人誌	4037
忠誠	4037
張り	4037
大小	4037
出仕	4035
藤田	4035
拡充	4034
儀	4034
一躍	4034
駅構内	4034
ロンドンオリンピック	4034
高騰	4033
スーパーボウル	4033
静	4032
フラツィオーネ	4032
アウト	4032
紐	4031
ゴルフ場	4031
アリス	4029
RB	4029
預かる	4029
後楽園ホール	4027
きり	4026
若	4026
旗揚げ	4024
創る	4024
到来	4024
緑地	4024
北条	4024
コミュニティバス	4023
ヨーロッパ人	4023
立ち上がる	4022
トヨタ自動車	4022
有罪	4022
鳴る	4022
終始	4021
スロバキア	4020
大多数	4020
従属	4019
返済	4019
ハンドル	4019
発砲	4018
乗り越える	4018
フランス革命	4018
期生	4017
イン	4017
岡崎	4017
そういった	4015
交響楽団	4015
全滅	4015
督	4014
チーム名	4013
古墳時代	4013
オペレーティングシステム	4013
バスターミナル	4013
近江	4012
利用可能	4012
楽団	4011
音楽プロデューサー	4010
セント	4010
写真集	4010
こだわる	4009
シーズン中	4009
BOX	4009
さかのぼる	4008
とどめる	4007
走り	4006
開場	4006
一括	4005
大島	4005
主要地方道	4004
新政府	4003
アルミ	4002
石垣	4001
リットル	4001
祈願	3999
大好き	3999
地質学	3999
完璧	3999
りゅう	3998
格子	3998
アフリカ系アメリカ人	3997
格好	3997
結核	3997
仮称	3996
かわす	3996
ジャマイカ	3995
操業	3995
急ぐ	3993
ローマ教皇	3991
IBF	3991
切り	3989
DS	3989
読み切り	3988
賢	3987
高田	3987
結びつける	3986
好み	3985
東京ドーム	3985
三木	3985
平原	3984
円盤	3983
見受ける	3983
ぶん	3982
ライト級	3981
ちゅ	3979
宮城	3978
体積	3977
先駆け	3977
青森	3977
弱点	3976
学派	3976
制式	3974
教育学部	3974
フォント	3973
宿主	3973
折り返し	3973
鎌倉幕府	3973
添加	3972
福井	3971
悲しみ	3970
クール	3969
受講	3969
通商	3969
回帰	3968
セダン	3968
腐敗	3966
評	3966
圧迫	3965
マケドニア	3965
多種	3964
さす	3963
ハンター	3962
NWA	3962
発効	3962
ぐち	3962
外科	3959
軌間	3958
まとまる	3957
向	3957
定番	3956
泊	3956
目録	3955
神父	3955
多様体	3954
灰	3954
農	3952
土佐	3952
UEFAチャンピオンズリーグ	3952
名跡	3952
嫡子	3952
東岸	3951
物理学者	3950
言動	3950
ゲーム機	3949
ネパール	3949
棋士	3947
液晶	3947
火曜	3946
呼び名	3946
不適切	3946
台数	3945
笑い	3945
ルイス	3944
突出	3943
不況	3943
育ち	3940
勅令	3940
慣例	3940
挙兵	3940
資本主義	3939
諱	3938
MT	3938
小児	3937
キャッチフレーズ	3937
絶える	3936
屋内	3936
遺る	3935
始祖	3935
皇室	3935
定まる	3934
ザクセン	3934
とれる	3933
徳川	3933
ゲリラ	3933
サッカー部	3933
大蔵省	3933
インターハイ	3933
原点	3932
彫る	3932
シリンダー	3932
地層	3932
かたち	3931
基幹	3931
クロス	3931
鉄道車両	3928
ショット	3928
触る	3927
膨張	3927
ING	3927
アナ	3926
時々	3926
インテル	3926
創	3925
本貫	3925
アーチ	3925
世界一	3923
堺	3923
西海岸	3923
法条	3923
ゲーム内	3923
剣道	3923
前衛	3922
主催者	3922
マスメディア	3920
X線	3920
民家	3920
入線	3919
National	3918
ふたり	3917
ディーゼル	3917
じん	3917
存命	3916
詰める	3916
欠陥	3916
多様性	3915
負傷者	3915
妥協	3914
セカンド	3914
裏面	3914
物流	3914
リゾート	3914
通達	3912
バンク	3912
拉致	3911
動揺	3910
ATM	3910
版画	3909
開幕前	3909
美濃	3909
Bundesliga	3908
大胆	3908
レバノン	3908
少年時代	3908
重荷	3907
飛行隊	3906
賭ける	3905
鱗	3905
テーマソング	3905
商用	3904
明日	3903
ブランド名	3903
転倒	3902
グラミー賞	3902
ISBN	3900
帰宅	3898
モバイル	3898
レ	3898
同種	3898
アゼルバイジャン	3896
三塁手	3895
ナレーター	3894
晒す	3894
アンケート	3894
考古	3893
合金	3893
阻む	3892
カップリング	3891
残	3891
乗じる	3890
浦	3890
商品名	3889
合法	3889
AC	3889
和元	3888
ライトノベル	3888
亘る	3887
電荷	3887
高圧	3885
北海道大学	3885
夏休み	3885
虐待	3884
消息	3884
曹	3884
ガード	3881
区立	3879
自生	3879
ムハンマド	3879
ルノー	3878
水害	3878
間接	3878
坂本	3877
移籍金	3877
磁気	3876
戦法	3875
毛利氏	3875
市電	3875
障害者	3874
JR東海	3874
長安	3874
月頃	3874
衣	3873
スペイン人	3872
秀	3872
金色	3872
気圧	3871
離党	3870
苦しい	3868
行方	3868
乗馬	3867
博多	3866
武家	3866
損害賠償	3864
停泊	3864
ユダヤ教	3864
アメリカ映画	3862
大凡	3862
長寿	3861
架橋	3860
遥か	3860
満つ	3859
カップル	3858
ならびに	3858
アメリカンフットボール	3858
誤差	3858
宛てる	3857
マンハッタン	3857
トーマス	3857
耐性	3857
振る舞い	3856
大夫	3856
なん	3854
出張所	3854
進級	3853
福岡市	3852
貰う	3850
走者	3850
活動家	3850
伝来	3850
噴出	3847
ラッシュ時	3846
覚悟	3846
田園	3846
尿	3845
始発	3845
追って	3844
様相	3842
あがる	3842
銘柄	3842
用品	3841
沢	3841
朝鮮人	3839
一揆	3837
アンナ	3836
候	3835
崩れる	3835
鹿	3835
資料館	3833
供養	3832
麻雀	3832
補正	3831
幹線道路	3831
文化放送	3831
別途	3831
決済	3829
修士	3828
留守	3828
隆	3827
奨学金	3826
照射	3826
田舎	3825
バンタム級	3825
参議	3824
最終日	3822
スロベニア	3822
カウンター	3820
公言	3820
キャップ	3820
トリオ	3820
カンファレンス	3820
五輪	3820
電池	3819
大王	3819
洛陽	3819
念	3818
微妙	3816
補助金	3816
馬車	3815
全面的	3815
並列	3814
兵役	3814
SA	3813
愛好	3813
参謀本部	3813
控訴	3813
皮肉	3812
取り囲む	3812
プロペラ	3811
精密	3811
連行	3810
日本標準時	3809
たどり着く	3809
派手	3808
参拝	3807
名鉄	3807
結び付き	3807
胤	3807
モスク	3807
タイトルマッチ	3806
EN	3806
乗降人員	3806
TORQUE	3804
発進	3804
神田	3804
宇宙飛行士	3804
追いつく	3804
忍者	3803
高知	3803
充当	3802
取り付け	3801
未亡人	3801
南極	3801
工科	3800
私的	3799
ダービー	3799
ケニア	3799
尾羽	3799
膨らむ	3798
使命	3798
逃げ出す	3797
私鉄	3797
不当	3797
みなみ	3796
カリブ海	3796
シグナル	3795
ブリュッセル	3794
割譲	3794
会津	3792
管轄区域	3792
間違える	3792
再結成	3791
結末	3791
デビューアルバム	3790
安全保障	3790
総括	3789
FIS	3788
MP	3786
志望	3785
沿岸部	3785
高め	3784
奉仕	3784
悪影響	3784
チーズ	3784
音色	3784
破片	3782
ブリッジ	3781
トランプ	3781
選任	3780
殿堂入り	3780
主軸	3780
府立	3778
吉野	3777
狙撃	3777
四球	3777
マイナーチェンジ	3776
引っ張る	3776
翌週	3776
対面	3775
隔離	3775
挙がる	3775
ユニーク	3774
銘打つ	3773
中点	3773
UEFA	3773
一塁	3773
勇気	3772
アルジェリア	3772
各駅	3771
マガジン	3771
Life	3771
供与	3770
HIPHOP	3770
細部	3768
三振	3768
東日本	3764
フットボール	3763
エリート	3763
さま	3761
診療	3761
ミドル級	3759
培養	3757
仕掛け	3757
Java	3757
知的	3755
余地	3755
神道	3754
最寄り駅	3753
赤外線	3753
負債	3753
スタメン	3752
果たせる	3752
運転手	3751
ラーメン	3751
みや	3751
譚	3750
損なう	3750
塚	3749
たった	3748
反乱軍	3748
第三者	3747
監査	3747
ワイド	3746
合作	3746
マルチ	3746
大阪大学	3745
漫才	3744
開園	3744
所有権	3744
簡素	3744
室町幕府	3744
返上	3744
例年	3743
本殿	3743
保留	3742
初版	3740
飲料	3740
外野	3740
先駆ける	3739
宝永	3739
国営	3738
司会者	3738
隆盛	3738
悪意	3737
CBS	3737
天然記念物	3736
Japan	3734
USA	3734
集配	3734
躍進	3733
精	3733
柳	3733
幸福	3732
幕内	3732
レパートリー	3731
何者	3731
滑らか	3730
顕彰	3730
コイン	3730
転々	3729
妖精	3729
糖尿病	3728
苦しみ	3728
極限	3728
公民館	3728
セミナー	3727
シルバー	3727
伝播	3726
ロープ	3725
エンターテインメント	3724
宝暦	3724
堤	3723
日本語訳	3723
三郎	3722
実子	3721
脅迫	3721
成虫	3721
マスト	3719
壁画	3719
海兵隊	3719
うた	3718
容認	3718
常連	3717
いくら	3717
年代記	3716
歌曲	3713
全体的	3713
決勝トーナメント	3713
壊れる	3712
愛情	3711
奔走	3711
不幸	3710
猿	3709
編集部	3708
力強い	3707
彫刻家	3707
上杉	3707
東の	3706
官吏	3706
借り手	3706
溶液	3706
失踪	3706
大映	3705
完走	3705
立ち寄る	3705
テクニック	3704
バン	3704
離す	3704
布告	3703
きく	3703
感銘	3703
鞍	3703
芸能活動	3702
ヴィルヘルム	3702
生息地	3702
化学反応	3702
引っ越す	3702
中毒	3702
我が	3701
海兵	3701
グラム	3700
邦題	3700
搬送	3700
勧誘	3699
ノーフォーク	3699
一転	3698
均一	3698
民族主義	3697
拍子	3697
没落	3697
尾張	3697
端子	3696
光景	3695
勝率	3695
長谷川	3695
コラボ	3695
取り消す	3695
利子	3694
反抗	3694
ヤンキース	3694
あふれる	3694
吉本興業	3693
紋	3693
オックスフォード大学	3691
草原	3691
内務	3690
中央大学	3690
工法	3690
日月	3690
難航	3689
出世	3689
フィクション	3688
超人	3687
束	3686
稼動	3685
目覚める	3685
連想	3685
仮想	3684
まい	3684
遊	3682
受付	3682
協賛	3682
燃費	3682
伴	3682
からだ	3681
路上	3680
良さ	3680
滑走	3680
WWF	3679
果	3679
隋	3679
中位	3678
後押し	3678
歴年	3677
フェザー級	3676
一塁手	3676
発行部数	3675
テロップ	3673
急進	3672
有罪判決	3672
本番	3672
テイラー	3671
JIS	3670
日常生活	3670
広島市	3670
言	3670
個人的	3670
社会問題	3670
博	3669
朝日	3669
なんて	3668
自転車競技	3668
総務省	3668
フォックス	3668
州立	3667
海抜	3667
プレス	3666
校歌	3664
かれる	3664
自由主義	3663
公社	3663
ギャング	3663
活動休止	3662
庄	3662
転移	3661
隙間	3661
船員	3661
FBI	3660
しも	3660
ヤマハ	3660
激突	3659
北欧	3659
あり方	3659
知識人	3658
両立	3657
取っ手	3657
地方公共団体	3657
ひろい	3656
内地	3656
原告	3656
早世	3654
ラスベガス	3654
炎上	3654
依る	3652
指針	3652
副大統領	3652
たま	3651
公益財団法人	3651
宿泊施設	3649
住	3647
MBS	3647
仙	3647
アニメーター	3646
いじめ	3646
縄文時代	3645
スーツ	3645
BLACK	3643
肝臓	3643
みつ	3641
大野	3641
スリランカ	3640
強引	3640
チェロ	3640
頓挫	3638
管理者	3637
スキー場	3637
農園	3637
東海道本線	3637
大司教	3636
ダート	3636
いっぱい	3636
解禁	3636
審議会	3636
ドラフト会議	3636
三重	3635
ぼく	3635
代用	3634
休憩	3634
AL	3634
問屋	3633
抑圧	3631
悟る	3631
任務部隊	3631
乗船	3631
共鳴	3630
手動	3630
全日本選手権	3630
ヘルメット	3630
歩行	3629
牧	3629
打倒	3628
特攻	3627
鶴	3626
多項式	3626
きん	3626
アトランタ	3626
手間	3626
気分	3625
祭礼	3625
英称	3624
愛する	3624
作曲者	3623
資	3623
のび太	3623
作詞家	3621
たまたま	3621
入札	3620
入国	3619
グランド	3619
辞書	3618
青木	3618
この世	3618
中日ドラゴンズ	3618
死因	3617
カザフスタン	3617
ノースカロライナ州	3616
牛乳	3615
女性声優	3615
早くから	3615
肺炎	3614
抜き	3614
実父	3613
許	3613
利用客	3612
ポケット	3611
充電	3610
トレーナー	3609
島々	3608
区内	3608
余剰	3607
潜入	3606
旅客鉄道	3606
養殖	3606
遠隔	3605
小山	3605
推力	3604
ロ	3604
ビッグ	3603
クリスチャン	3600
咲く	3600
裸	3600
関税	3600
密着	3599
関西テレビ	3599
皇	3599
ネズミ	3598
TBSテレビ	3598
航空隊	3598
河内	3598
複	3597
基底	3597
短時間	3597
クラーク	3596
一斉	3596
マスコット	3595
リビア	3595
ろう	3594
似寄り	3594
テネシー州	3594
づらい	3594
顕	3594
ラム	3593
埼玉	3593
点検	3592
二塁手	3592
荷重	3592
内訳	3591
MV	3591
人種差別	3591
食物	3589
才	3589
象	3588
フランチャイズ	3588
灯台	3588
攻防	3587
クラッシュ	3587
ロードレース	3586
大山	3586
ゲノム	3584
野	3583
イスラム教徒	3583
講じる	3583
交配	3583
キャスティング	3582
市役所	3582
連合会	3581
フリーランス	3580
リボン	3580
発売日	3579
GB	3579
介護	3579
家業	3579
色々	3577
事業部	3576
人口密度	3575
中継局	3575
暴露	3574
クエスト	3574
産物	3573
辞典	3573
改修工事	3573
度重なる	3572
入り込む	3572
便宜	3572
同調	3571
銃身	3571
讃える	3570
ばね	3570
自害	3570
カム	3570
弾丸	3570
マウント	3570
AG	3569
豆	3569
クルー	3568
ぞう	3567
源氏物語	3567
ロースター	3566
無数	3566
無駄	3566
タービン	3566
マニュアル	3566
感染拡大	3565
休業	3565
未知	3565
火薬	3565
鉛	3564
祖国	3563
いきなり	3562
学説	3561
慣れる	3561
行進	3560
悪役	3560
アクティブ	3558
以西	3557
関ヶ原の戦い	3555
永久	3555
東急	3555
究極	3555
武田氏	3555
一本勝ち	3554
共作	3554
シチリア	3552
次官	3551
最小限	3551
翌朝	3550
協	3550
震災	3550
悩み	3550
保護者	3550
効く	3550
規約	3549
売上高	3549
仙台市	3548
授かる	3548
支持率	3547
頼	3547
享	3547
佐賀	3546
UTC	3546
ミステリー	3545
クレジットカード	3545
ウラン	3545
市川	3545
関連性	3544
直訳	3544
パンタグラフ	3544
ニュース番組	3544
砲台	3544
開催地	3543
格闘	3543
風習	3542
減速	3542
ドキュメンタリー映画	3540
モータースポーツ	3540
東京都内	3540
管弦楽団	3538
イタリア人	3536
上手	3536
ジャン	3536
師団長	3536
両面	3535
多目的	3535
農耕	3534
アテネ	3534
理学	3534
隅	3533
ED	3533
複数回	3533
モントリオール	3533
運休	3533
セックス	3532
JR西日本	3532
慕う	3532
構図	3530
協調	3530
規範	3529
複合体	3529
出来	3528
各局	3528
樺太	3528
部署	3528
飲食	3527
明言	3527
創始	3527
勝ち取る	3527
両手	3526
陸奥	3525
寧	3524
セクション	3524
戴冠	3522
怖い	3521
LINE	3519
ぼる	3519
対戦相手	3518
コマーシャル	3518
閉じ込める	3517
下降	3517
遠藤	3517
推し進める	3516
原画	3516
出願	3515
お笑い	3515
強制収容所	3514
鎧	3511
喜劇	3510
停留場	3510
給付	3510
果物	3509
着想	3509
特殊部隊	3509
直撃	3508
十字架	3508
伊達	3507
JR九州	3507
試合中	3505
舞踊	3504
民兵	3504
柔軟	3504
社団法人	3503
真珠湾	3502
軽巡洋艦	3502
花火	3502
東海道	3502
ケネディ	3502
最年少	3501
戸籍	3500
幹事長	3500
甲府	3500
実弟	3499
覚醒	3499
微分	3499
個展	3499
まさ	3499
満了	3498
ホイール	3497
やり取り	3496
ソマリア	3496
ワシントン州	3495
新型コロナウイルス感染症	3494
笑顔	3494
あだ名	3493
回送	3493
シンガー	3492
移	3491
劇作家	3491
日光	3491
横切る	3490
養	3490
BMW	3490
現時点	3489
オーディオ	3489
照らす	3488
熊野	3488
グルジア	3487
スープ	3487
プロボクサー	3487
連続ドラマ	3486
中略	3486
時空	3486
登用	3485
Open Source	3485
兵員	3485
温暖	3485
樹脂	3485
団長	3485
歩行者	3484
目論む	3483
嫌い	3482
ニア	3480
ヴォーカル	3479
ベイ	3479
陸軍士官学校	3479
スピーカー	3479
馬主	3478
密	3478
大将軍	3478
日本版	3477
工兵	3477
ウルトラマン	3476
利	3476
北条氏	3476
満洲	3476
名乗り	3475
姪	3475
円筒	3475
戦功	3473
廃校	3473
折れる	3472
隆起	3472
観念	3472
団体戦	3472
音節	3472
たつの	3471
短距離	3471
プロトタイプ	3470
畳	3470
ひろ	3469
陶器	3469
瀬戸内海	3468
A代表	3467
契約満了	3466
バックアップ	3466
高等教育	3466
縁起	3465
受領	3465
JFL	3465
醤油	3464
推計	3464
冷たい	3464
マルクス	3464
激戦	3464
先発出場	3463
新日本プロレス	3462
服用	3462
土砂	3461
運営会社	3460
資本金	3460
アッシリア	3460
粘土	3459
手配	3457
処方	3456
九州大学	3454
あれ	3453
刷新	3453
出版物	3453
CA	3453
一方的	3452
呂	3452
一流	3451
罷免	3451
泰	3451
追贈	3451
歩兵連隊	3451
光年	3451
おもい	3450
カンパニー	3450
可動	3450
文字列	3450
オブ	3450
ケンブリッジ大学	3450
興奮	3449
刑法	3449
通例	3448
反則	3446
カメラマン	3446
化粧品	3446
勝てる	3446
軍部	3445
三塁	3444
共感	3443
本校	3443
ぎょ	3443
譲り受ける	3443
掛	3443
盛	3443
鹿島	3443
主席	3442
イエズス会	3442
マフィア	3441
礼拝堂	3441
ノー	3439
金属製	3439
多量	3439
帰	3439
柵	3438
則	3438
改易	3436
EC	3436
手数料	3436
出血	3435
ベラルーシ	3435
エア	3435
出番	3434
検閲	3434
鉱業	3434
敗走	3434
体型	3433
cc	3432
春に	3430
ユダヤ系	3430
機長	3429
共生	3428
平成元年	3428
自然科学	3428
男児	3427
誌上	3427
高崎	3427
偶数	3427
ぶる	3426
要衝	3426
楼	3426
NBC	3424
公正	3424
提訴	3423
先駆	3423
ヤング	3423
ちょっと	3423
機関砲	3423
中国大陸	3423
スト	3421
旅客機	3421
八幡	3420
頻発	3420
細川	3420
郷土	3420
安永	3419
三河	3419
必殺技	3418
武術	3418
ドイツ連邦共和国	3417
速力	3417
CMソング	3417
舟	3417
風俗	3416
苦しめる	3416
最大規模	3416
つのる	3416
上がり	3416
身近	3415
含有	3415
ポニーキャニオン	3415
漫画版	3414
ノース	3413
ファンクラブ	3412
タイル	3411
折る	3410
呼応	3410
つかむ	3409
増援	3409
名高い	3409
ギア	3409
疲労	3408
ラバウル	3408
看護師	3407
市営	3407
新記録	3407
債権	3406
画策	3405
コンピュータゲーム	3405
商会	3405
トランペット	3404
芸能事務所	3404
IN	3404
NPO法人	3404
ヒューストン	3404
少量	3403
楚	3403
付け加える	3403
修士号	3402
加増	3402
警報	3401
すける	3400
ミシガン州	3400
あい	3400
請願	3400
説教	3400
解説者	3400
出征	3399
MUSIC	3398
初主演	3397
奴	3397
ポルシェ	3397
明和	3397
終	3397
デトロイト	3396
スケート	3396
中流	3395
ナイジェリア	3395
ダンジョン	3395
速やか	3394
衰える	3394
雷撃	3393
飛来	3392
誠	3392
判例	3392
車輌	3391
初回生産限定盤	3390
沼	3390
おき	3389
ブレイク	3389
経済学者	3389
API	3388
ワルシャワ	3388
同義	3387
州知事	3387
師範学校	3387
短躯	3384
前年度	3384
計量	3384
流れ込む	3382
卓球	3382
北アフリカ	3381
司令長官	3380
クラリネット	3380
覆す	3379
境界線	3379
プロット	3379
読売新聞	3379
若年	3378
セルビア人	3378
粛清	3377
貝	3377
はさむ	3376
摩擦	3375
閉校	3374
はん	3374
ウェルター級	3374
発作	3374
込み	3373
旧称	3373
視界	3372
接種	3372
小沢	3372
風刺	3371
福	3371
短編小説	3370
ド	3370
面する	3370
AS	3370
退位	3369
生中継	3369
日数	3369
CIS	3369
転校	3368
禁	3366
必死	3366
呪い	3366
増築	3365
サラ	3365
染色	3364
山陽	3364
VHS	3363
古代ギリシア	3363
ニーズ	3362
モンゴル帝国	3362
低価格	3361
画期的	3360
メモ	3360
園内	3360
相談役	3360
越前	3360
則る	3360
検察官	3359
本丸	3359
姉妹都市	3358
燃やす	3357
教育者	3356
QB	3356
跨線橋	3355
入港	3355
ソロアルバム	3355
ケプラー	3355
とはいえ	3354
生態系	3354
プリント	3354
フォーム	3354
バッハ	3354
ラテンアメリカ	3354
挿入歌	3354
原産	3353
傾倒	3353
立ち向かう	3353
見守る	3353
彦	3353
毛皮	3353
判別	3352
ピラミッド	3352
反復	3351
引き	3351
大都市圏	3351
劣化	3350
了承	3350
村長	3350
ボーカリスト	3350
溶ける	3349
じゅう	3349
ハーフ	3347
シャープ	3346
NTTドコモ	3345
諸派	3345
放火	3345
棺	3345
代議員	3345
勘違い	3344
原田	3343
差し替える	3343
向こう	3343
放送枠	3343
タキ	3343
制動	3343
申し出	3342
停戦	3342
TBSラジオ	3341
有害	3341
新生	3340
見かける	3340
失格	3340
バット	3339
國	3339
神奈川	3338
近傍	3337
日立製作所	3337
華族	3336
軍政	3335
清掃	3335
伐採	3335
NHK紅白歌合戦	3335
絆	3334
ハンドボール	3334
聖地	3334
小惑星帯	3333
水力	3333
書道	3332
正統	3332
錦	3332
常務	3332
特急列車	3331
リンゴ	3331
大国	3331
連邦議会	3329
胸部	3329
マルタ	3329
容疑者	3329
南岸	3328
入れ替え	3328
渡航	3328
付録	3328
くま	3328
乳	3327
名古屋大学	3327
或いは	3327
定期券	3327
公共施設	3327
ReTweet	3326
解読	3325
潰す	3325
コイル	3325
症候群	3324
ソロ活動	3324
国立大学	3324
細胞内	3324
鳥居	3323
CIA	3322
原爆	3322
素子	3322
呼び掛け	3321
マイナス	3320
総司令官	3320
甚大	3320
氏名	3320
学級	3320
由緒	3319
コロニー	3319
ペルシア	3318
フライ級	3318
黄色い	3317
奮闘	3317
都心	3316
刻	3316
初心者	3314
胃	3314
通告	3314
合宿	3314
糖	3313
殺到	3312
ミズーリ州	3312
生後	3311
目次	3311
音楽監督	3311
AN	3311
共存	3311
食う	3311
主君	3311
尋常小学校	3310
日向	3310
ポルトガル語	3309
捕まる	3308
沈める	3308
罠	3308
リハビリ	3307
収縮	3307
孝	3306
発電機	3305
軍需	3305
急性	3304
証券	3304
ナショナルチーム	3304
とく	3304
織物	3303
カレー	3302
自動券売機	3302
スライダー	3302
祝福	3302
野田	3302
古事記	3302
宣	3301
受け止める	3300
クラブチーム	3300
恒例	3300
要職	3299
優秀賞	3299
書状	3298
孤独	3298
持ち出す	3298
圧勝	3298
健全	3297
応永	3297
出雲	3297
反対運動	3296
一応	3296
貞観	3296
同法	3296
高雄	3296
塁	3296
幅員	3295
混血	3294
